Component_Name,Category,Price_INR,Efficiency,Reliability,Compatibility,Role
Carrier Smart Thermostat,HVAC,9270,7.82,8.56,"HomeKit, Google Home, Matter",Humidity control
Honeywell HVAC Zoning System,HVAC,8191,7.22,8.07,"HomeKit, Google Home, Matter",Ventilation management
Philips Hue Floor Lamp,Lighting,1573,6.48,6.32,"Wi-Fi, HomeKit",Automated lighting
Abode Smoke Detector,Security,5444,7.96,6.67,"Wi-Fi, HomeKit",Door security
Cree Outdoor Light,Lighting,2485,7.17,6.75,"HomeKit, Alexa",Circadian rhythm lighting
Lutron Battery System,Energy Management,8749,10.0,9.83,"HomeKit, Alexa",Power management
Abode Alarm System,Security,10146,7.95,7.78,"Wi-Fi, HomeKit",Door security
Honeywell Dehumidifier,HVAC,11274,8.53,9.17,"Wi-Fi, HomeKit",Energy-efficient heating
Emerson Heater,HVAC,4747,6.18,5.96,"HomeKit, Google Home, Matter",Climate control
SimpliSafe Security Camera,Security,6484,7.02,7.22,"Wi-Fi, Google Home, Alexa",Safety monitoring
Blink Smoke Detector,Security,3267,6.5,5.78,"Zigbee, Z-Wave",Intrusion detection
SimpliSafe Security Camera,Security,7640,7.73,7.72,"Z-Wave, Alexa",Intrusion detection
Kwikset Smoke Detector,Security,7393,7.63,7.35,"Thread, Matter",Access control
Daikin Ventilation Controller,HVAC,5612,6.46,6.71,"Wi-Fi, Google Home, Alexa",Zoned climate control
Nest Ceiling Fan,HVAC,10738,8.55,9.18,"HomeKit, Google Home, Matter",Zoned climate control
SolarEdge Energy Gateway,Energy Management,5214,8.65,7.21,"Wi-Fi, Bluetooth",Load balancing
Kangaroo Smart Safe,Security,4085,6.44,6.33,"Google Home, Alexa, Matter",Intrusion detection
Abode Flood Sensor,Security,5461,7.46,6.03,"Wi-Fi, Google Home, Alexa",Asset protection
August Window Sensor,Security,3913,7.19,6.5,"HomeKit, Google Home, Matter",Remote surveillance
GE Under Cabinet Light,Lighting,5351,9.38,9.8,"Google Home, Alexa, Matter",Decorative lighting
Kangaroo CO Detector,Security,8439,8.35,7.6,"Thread, Matter",Access control
Lutron Smart Plug,Energy Management,2078,7.21,6.27,"Wi-Fi, HomeKit",Renewable integration
Wyze Security Camera,Security,8609,7.61,7.67,"Zigbee, Matter",Intrusion detection
Leviton Grid Tie Inverter,Energy Management,6476,9.6,8.47,"Z-Wave, Alexa",Consumption tracking
Yeelight Under Cabinet Light,Lighting,5314,8.7,8.88,"HomeKit, Google Home, Matter",Automated lighting
Ecobee Ventilation Controller,HVAC,11112,8.62,9.99,"HomeKit, Google Home, Matter",Zoned climate control
ADT Facial Recognition Camera,Security,6854,7.65,6.77,"HomeKit, Google Home, Matter",Safety monitoring
Emporia Power Strip,Energy Management,7047,10.0,9.02,"Wi-Fi, HomeKit",Energy optimization
Sense Load Controller,Energy Management,9954,10.0,10.0,"Zigbee, Matter",Consumption tracking
Leviton Energy Monitor,Energy Management,6781,9.69,8.58,"Wi-Fi, Google Home, Alexa",Demand response
Schneider Power Optimizer,Energy Management,1702,7.21,6.23,"Zigbee, Z-Wave",Renewable integration
Rheem Heater,HVAC,6488,6.82,7.4,"HomeKit, Alexa",Allergen reduction
Ring Alarm System,Security,13132,8.91,9.71,"HomeKit, Google Home, Matter",Safety monitoring
Daikin Smart Thermostat,HVAC,8019,7.52,8.01,"Thread, Matter",Climate control
Eve Power Strip,Energy Management,8092,9.53,9.09,"Zigbee, Matter",Renewable integration
Reolink Motion Sensor,Security,8668,8.14,7.35,"Wi-Fi, HomeKit",Safety monitoring
Lutron Smart Switch,Energy Management,4357,8.53,7.39,"Wi-Fi, Bluetooth",Power management
Kangaroo Glass Break Detector,Security,3597,7.17,5.95,"Wi-Fi, Bluetooth",Door security
Wemo Power Strip,Energy Management,6347,9.14,7.72,"Wi-Fi, HomeKit",Demand response
Eve Power Strip,Energy Management,3181,8.44,6.57,"HomeKit, Alexa",Load balancing
Eufy Glass Break Detector,Security,7592,7.64,7.03,"Zigbee, Matter",Access control
Curb Power Strip,Energy Management,6696,8.93,8.01,"HomeKit, Google Home, Matter",Power management
TP-Link Energy Display,Energy Management,1909,6.26,5.97,"Thread, Matter",Power management
Juicebox Energy Monitor,Energy Management,4948,8.24,7.7,"Zigbee, Matter",Energy optimization
Tesla Smart Plug,Energy Management,2050,7.32,6.56,"Zigbee, Z-Wave",Demand response
Curb Power Optimizer,Energy Management,6927,8.73,8.82,"Google Home, Alexa, Matter",Renewable integration
Span Power Optimizer,Energy Management,3053,7.82,5.95,"HomeKit, Alexa",Consumption tracking
Nest Smart Lock,Security,10869,8.67,8.65,"Z-Wave, Alexa",Emergency detection
Tado Ventilation Controller,HVAC,8855,7.82,8.33,"Thread, Matter",Temperature regulation
Sengled Ceiling Light,Lighting,5972,9.62,9.48,"Zigbee, Matter",Ambiance management
Yale Doorbell Camera,Security,9285,8.09,7.72,"Wi-Fi, Bluetooth",Door security
Logitech CO Detector,Security,5255,7.59,6.11,"Google Home, Alexa, Matter",Access control
Carrier Ceiling Fan,HVAC,4327,6.46,6.42,"HomeKit, Alexa",Ventilation management
Mitsubishi Air Quality Monitor,HVAC,9125,7.64,8.37,"HomeKit, Google Home, Matter",Climate control
Sensibo Humidifier,HVAC,10800,8.59,8.66,"Google Home, Alexa, Matter",Climate control
LG Air Purifier,HVAC,4511,6.42,6.35,"Wi-Fi, Google Home, Alexa",Climate control
Kangaroo Motion Sensor,Security,8051,8.06,7.17,"Wi-Fi, Bluetooth",Access control
TP-Link Consumption Monitor,Energy Management,1346,6.78,5.49,"Thread, Matter",Renewable integration
Nanoleaf Color Light,Lighting,1288,5.96,6.34,"HomeKit, Alexa",Circadian rhythm lighting
Nanoleaf Track Light,Lighting,3185,7.8,7.61,"Google Home, Alexa, Matter",Circadian rhythm lighting
Schlage Alarm System,Security,11870,8.98,8.67,"Google Home, Alexa, Matter",Access control
Nest Facial Recognition Camera,Security,21868,10.0,10.0,"Wi-Fi, HomeKit",Perimeter monitoring
Nanoleaf Pendant Light,Lighting,4523,8.91,8.41,"HomeKit, Google Home, Matter",Circadian rhythm lighting
Wyze Garage Door Controller,Security,10908,8.36,7.79,"HomeKit, Alexa",Door security
Sense Grid Tie Inverter,Energy Management,8159,10.0,9.1,"Wi-Fi, HomeKit",Energy monitoring
Fujitsu Air Purifier,HVAC,8197,7.92,8.34,"HomeKit, Google Home, Matter",Air quality management
Nest Perimeter Sensor,Security,7630,8.28,8.18,"Google Home, Alexa, Matter",Emergency detection
Wiz Garden Light,Lighting,3983,8.26,7.73,"Thread, Matter",Energy-efficient lighting
Eufy Motion Sensor,Security,7980,7.64,6.93,"HomeKit, Google Home, Matter",Asset protection
Fujitsu Heater,HVAC,4869,6.56,6.64,"Google Home, Alexa, Matter",Humidity control
Bosch Temperature Sensor,HVAC,5667,6.39,7.2,"Wi-Fi, Google Home, Alexa",Temperature regulation
Kangaroo Facial Recognition Camera,Security,13242,9.32,8.6,"HomeKit, Alexa",Emergency detection
Daikin Ceiling Fan,HVAC,3218,6.26,6.56,"Wi-Fi, Bluetooth",Temperature regulation
SimpliSafe Security Camera,Security,8305,9.03,7.4,"Zigbee, Z-Wave",Access control
Mitsubishi HVAC Zoning System,HVAC,4045,6.57,6.25,"HomeKit, Alexa",Temperature regulation
Leviton Energy Monitor,Energy Management,4554,7.73,6.97,"HomeKit, Alexa",Energy monitoring
Logitech Garage Door Controller,Security,10772,8.25,8.14,"Wi-Fi, Bluetooth",Asset protection
Emerson Dehumidifier,HVAC,9996,9.41,8.69,"HomeKit, Google Home, Matter",Energy-efficient heating
Schlage Flood Sensor,Security,7311,7.42,7.18,"Zigbee, Matter",Emergency detection
SolarEdge Battery System,Energy Management,4005,8.21,7.16,"Wi-Fi, HomeKit",Power management
Wyze Security Camera,Security,16218,10.0,9.9,"Google Home, Alexa, Matter",Emergency detection
Schlage Motion Sensor,Security,3139,6.34,5.25,"Wi-Fi, Bluetooth",Asset protection
Eufy Garage Door Controller,Security,9852,8.51,7.33,"Zigbee, Matter",Access control
Kasa Solar Controller,Energy Management,3616,8.52,6.64,"Zigbee, Matter",Load balancing
Mitsubishi HVAC Zoning System,HVAC,8442,7.4,8.12,"Zigbee, Matter",Allergen reduction
Cielo Ventilation Controller,HVAC,10455,8.0,9.3,"Zigbee, Matter",Air quality management
Logitech Smart Safe,Security,10306,9.11,8.01,"Wi-Fi, Google Home, Alexa",Perimeter monitoring
Lennox HVAC Zoning System,HVAC,3784,6.3,6.75,"Wi-Fi, Google Home, Alexa",Humidity control
Sylvania Smart Bulb,Lighting,3606,7.27,7.51,"Wi-Fi, Bluetooth",Task lighting
Fujitsu Air Quality Monitor,HVAC,10716,8.08,9.13,"Z-Wave, Alexa",Humidity control
Yale Glass Break Detector,Security,5847,7.82,6.77,"Wi-Fi, Bluetooth",Intrusion detection
Wyze Garden Light,Lighting,1771,6.03,6.85,"Google Home, Alexa, Matter",Decorative lighting
Curb Grid Tie Inverter,Energy Management,3182,7.87,6.36,"Z-Wave, Alexa",Energy monitoring
Curb Power Strip,Energy Management,1774,7.09,5.97,"Wi-Fi, Google Home, Alexa",Consumption tracking
Mitsubishi Ventilation Controller,HVAC,7777,7.33,8.14,"Wi-Fi, Bluetooth",Allergen reduction
Fujitsu Ventilation Controller,HVAC,5491,7.11,6.74,"Wi-Fi, Google Home, Alexa",Allergen reduction
Rheem Air Quality Monitor,HVAC,7691,7.71,7.4,"Wi-Fi, HomeKit",Energy-efficient heating
Span Solar Controller,Energy Management,7115,9.5,8.66,"HomeKit, Google Home, Matter",Load balancing
Sylvania Wall Sconce,Lighting,4942,8.48,8.81,"HomeKit, Alexa",Circadian rhythm lighting
Sense Power Strip,Energy Management,7999,10.0,9.12,"HomeKit, Google Home, Matter",Consumption tracking
Emerson Radiant Floor Controller,HVAC,4693,6.4,6.43,"Zigbee, Matter",Climate control
Wyze Smoke Detector,Security,7906,7.7,7.2,"Google Home, Alexa, Matter",Door security
Ring Perimeter Sensor,Security,3275,7.43,6.04,"Thread, Matter",Asset protection
Wyze Glass Break Detector,Security,3664,6.69,5.78,"Zigbee, Matter",Safety monitoring
Ring Smoke Detector,Security,5659,7.26,6.95,"Wi-Fi, Bluetooth",Asset protection
Kangaroo Motion Sensor,Security,5672,6.88,6.79,"Thread, Matter",Intrusion detection
Ecobee Dehumidifier,HVAC,6564,7.95,7.89,"HomeKit, Alexa",Climate control
Abode Smart Lock,Security,3080,6.13,6.24,"Zigbee, Z-Wave",Asset protection
Kwikset Alarm System,Security,6897,7.26,6.98,"Wi-Fi, HomeKit",Access control
Emporia Solar Controller,Energy Management,9053,10.0,9.76,"HomeKit, Google Home, Matter",Energy optimization
Daikin Heater,HVAC,8617,6.52,7.84,"Wi-Fi, HomeKit",Climate control
Ecobee Heat Pump Controller,HVAC,11878,8.16,9.56,"HomeKit, Google Home, Matter",Humidity control
Meross Ceiling Light,Lighting,3649,7.92,7.92,"Z-Wave, Alexa",Ambiance management
Abode Garage Door Controller,Security,12957,9.04,8.98,"HomeKit, Google Home, Matter",Emergency detection
Sensibo Radiant Floor Controller,HVAC,5839,6.98,7.31,"Thread, Matter",Air quality management
Yeelight Smart Bulb,Lighting,1651,5.81,6.54,"Zigbee, Z-Wave",Decorative lighting
Daikin Temperature Sensor,HVAC,4027,6.3,6.23,"Wi-Fi, Bluetooth",Climate control
Arlo Smart Safe,Security,14190,9.71,9.42,"HomeKit, Alexa",Door security
SimpliSafe Alarm System,Security,9286,7.94,7.85,"HomeKit, Google Home, Matter",Emergency detection
Arlo Smoke Detector,Security,6380,7.39,6.8,"Thread, Matter",Asset protection
Dyson Air Quality Monitor,HVAC,12450,9.78,9.89,"Google Home, Alexa, Matter",Ventilation management
Cielo Humidifier,HVAC,2417,5.63,5.15,"Zigbee, Matter",Allergen reduction
Mitsubishi AC Controller,HVAC,3825,6.52,6.67,"Wi-Fi, Google Home, Alexa",Humidity control
Tuya Color Light,Lighting,1212,6.24,5.67,"Wi-Fi, HomeKit",Automated lighting
Bosch HVAC Zoning System,HVAC,10164,8.03,8.6,"HomeKit, Google Home, Matter",Zoned climate control
Span Energy Monitor,Energy Management,3704,8.87,7.29,"Zigbee, Z-Wave",Load balancing
Abode Security Camera,Security,4872,6.45,5.89,"Z-Wave, Alexa",Door security
Wiz Floor Lamp,Lighting,2943,7.66,7.09,"Z-Wave, Alexa",Task lighting
Reolink Smoke Detector,Security,6132,7.82,6.33,"Wi-Fi, HomeKit",Remote surveillance
Kasa Floor Lamp,Lighting,3126,7.4,7.37,"Zigbee, Z-Wave",Automated lighting
LG Air Quality Monitor,HVAC,10787,8.37,9.3,"Wi-Fi, Google Home, Alexa",Ventilation management
Rheem Heater,HVAC,2698,5.9,5.74,"Zigbee, Z-Wave",Energy-efficient heating
Schlage Garage Door Controller,Security,6532,7.67,6.97,"HomeKit, Alexa",Emergency detection
Tado Heat Pump Controller,HVAC,8486,8.22,8.74,"Google Home, Alexa, Matter",Humidity control
ADT Garage Door Controller,Security,9338,8.72,7.89,"Wi-Fi, Google Home, Alexa",Perimeter monitoring
Eufy Alarm System,Security,14558,10.0,9.48,"HomeKit, Google Home, Matter",Access control
Nest AC Controller,HVAC,9498,8.29,8.83,"Zigbee, Matter",Temperature regulation
Meross Mood Light,Lighting,3339,7.73,7.47,"Wi-Fi, Google Home, Alexa",Ambiance management
Cielo Air Quality Monitor,HVAC,7293,7.18,7.68,"Zigbee, Z-Wave",Allergen reduction
Span Solar Controller,Energy Management,8738,10.0,9.44,"Wi-Fi, HomeKit",Power management
Nest Doorbell Camera,Security,17148,10.0,10.0,"Google Home, Alexa, Matter",Intrusion detection
Arlo Window Sensor,Security,3388,7.21,5.64,"Wi-Fi, Bluetooth",Asset protection
Bosch Ceiling Fan,HVAC,10702,8.62,9.23,"Wi-Fi, Google Home, Alexa",Allergen reduction
Wyze CO Detector,Security,3827,6.58,5.86,"Z-Wave, Alexa",Access control
Wyze Pathway Light,Lighting,3723,7.15,8.22,"Wi-Fi, Bluetooth",Automated lighting
Eufy Doorbell Camera,Security,9727,8.23,7.25,"HomeKit, Alexa",Safety monitoring
Wiz Smart Bulb,Lighting,5068,8.87,8.7,"Zigbee, Matter",Task lighting
Yale Smart Lock,Security,11773,9.44,8.7,"Z-Wave, Alexa",Access control
Honeywell Air Quality Monitor,HVAC,11086,9.19,9.37,"Wi-Fi, Google Home, Alexa",Humidity control
Emerson HVAC Zoning System,HVAC,13188,9.2,9.55,"HomeKit, Google Home, Matter",Ventilation management
Abode Motion Sensor,Security,3531,7.06,5.71,"HomeKit, Google Home, Matter",Intrusion detection
Yeelight Wall Sconce,Lighting,5829,9.93,9.28,"HomeKit, Google Home, Matter",Task lighting
Bosch Radiant Floor Controller,HVAC,9316,8.15,8.43,"Google Home, Alexa, Matter",Energy-efficient heating
Nest Doorbell Camera,Security,11344,9.31,8.51,"Zigbee, Z-Wave",Asset protection
Philips Hue Floor Lamp,Lighting,5240,9.9,9.54,"Wi-Fi, Bluetooth",Circadian rhythm lighting
Tuya Track Light,Lighting,4286,8.92,7.97,"HomeKit, Alexa",Circadian rhythm lighting
Cielo HVAC Zoning System,HVAC,10114,8.3,9.04,"Google Home, Alexa, Matter",Climate control
Arlo Alarm System,Security,4417,6.64,5.97,"Zigbee, Z-Wave",Intrusion detection
Bosch AC Controller,HVAC,9819,7.39,8.47,"Google Home, Alexa, Matter",Temperature regulation
Arlo Alarm System,Security,4289,6.24,6.18,"Wi-Fi, Google Home, Alexa",Asset protection
Curb Smart Plug,Energy Management,3708,7.77,6.93,"HomeKit, Google Home, Matter",Demand response
Cielo Humidifier,HVAC,3581,6.73,5.61,"Wi-Fi, HomeKit",Allergen reduction
August Flood Sensor,Security,4683,7.39,6.66,"Wi-Fi, Bluetooth",Access control
Sylvania Under Cabinet Light,Lighting,5772,9.22,8.97,"HomeKit, Alexa",Energy-efficient lighting
Sengled Outdoor Light,Lighting,5269,9.13,8.61,"Wi-Fi, Google Home, Alexa",Automated lighting
Lutron Smart Meter,Energy Management,5358,9.33,7.52,"Zigbee, Matter",Consumption tracking
Carrier Ventilation Controller,HVAC,7784,7.48,8.18,"Wi-Fi, Google Home, Alexa",Ventilation management
Curb Smart Switch,Energy Management,8466,10.0,9.08,"HomeKit, Alexa",Consumption tracking
Sense Load Controller,Energy Management,7789,10.0,9.12,"HomeKit, Google Home, Matter",Power management
Mitsubishi Dehumidifier,HVAC,5636,6.65,6.47,"Wi-Fi, Google Home, Alexa",Energy-efficient heating
Reolink Security Camera,Security,9747,8.19,7.54,"Zigbee, Matter",Intrusion detection
Kwikset Alarm System,Security,11689,9.36,8.1,"Wi-Fi, Google Home, Alexa",Remote surveillance
Eve Grid Tie Inverter,Energy Management,3023,7.82,6.31,"Google Home, Alexa, Matter",Demand response
Mitsubishi Smart Thermostat,HVAC,2770,6.24,5.83,"Wi-Fi, HomeKit",Allergen reduction
Sense EV Charger,Energy Management,2277,7.65,6.45,"Thread, Matter",Energy optimization
Cree Recessed Light,Lighting,3614,8.49,7.93,"Wi-Fi, Google Home, Alexa",Ambiance management
Kangaroo Flood Sensor,Security,6530,7.72,7.03,"Wi-Fi, HomeKit",Door security
August Smart Safe,Security,11199,9.36,8.26,"Thread, Matter",Perimeter monitoring
Kwikset Garage Door Controller,Security,10691,8.45,8.16,"Wi-Fi, Google Home, Alexa",Perimeter monitoring
ChargePoint Energy Display,Energy Management,3217,7.99,5.88,"Wi-Fi, Bluetooth",Peak shaving
Wemo Smart Meter,Energy Management,8327,10.0,9.32,"HomeKit, Google Home, Matter",Power management
Daikin AC Controller,HVAC,6177,6.28,7.15,"Zigbee, Matter",Climate control
Wyze Under Cabinet Light,Lighting,3831,8.09,7.69,"HomeKit, Alexa",Task lighting
Nest Smart Lock,Security,10160,9.09,8.02,"Google Home, Alexa, Matter",Emergency detection
Yale Motion Sensor,Security,5823,7.62,5.94,"Z-Wave, Alexa",Asset protection
Tado Air Purifier,HVAC,9830,8.39,8.35,"Zigbee, Z-Wave",Climate control
Yale Smart Safe,Security,13639,9.92,8.98,"Wi-Fi, Google Home, Alexa",Remote surveillance
Govee Desk Lamp,Lighting,4066,8.39,8.02,"Google Home, Alexa, Matter",Task lighting
Tuya Garden Light,Lighting,4956,8.59,8.46,"Zigbee, Matter",Circadian rhythm lighting
Feit Electric Desk Lamp,Lighting,4700,8.65,8.35,"Zigbee, Z-Wave",Circadian rhythm lighting
Kangaroo Security Camera,Security,10126,8.95,7.85,"HomeKit, Alexa",Access control
Arlo Smoke Detector,Security,3968,7.7,5.98,"Zigbee, Z-Wave",Safety monitoring
ADT Security Camera,Security,10990,8.86,7.95,"Thread, Matter",Door security
Ecobee AC Controller,HVAC,17248,10.0,10.0,"Z-Wave, Alexa",Temperature regulation
Eve Solar Controller,Energy Management,3076,7.85,6.56,"Google Home, Alexa, Matter",Peak shaving
Nanoleaf Wall Sconce,Lighting,855,6.99,5.45,"Thread, Matter",Ambiance management
Rheem AC Controller,HVAC,11150,9.41,9.24,"Google Home, Alexa, Matter",Temperature regulation
Lennox Temperature Sensor,HVAC,6221,7.32,7.33,"Wi-Fi, HomeKit",Zoned climate control
Feit Electric Ceiling Light,Lighting,2331,6.98,6.39,"Wi-Fi, Google Home, Alexa",Circadian rhythm lighting
Reolink Facial Recognition Camera,Security,10632,8.43,8.03,"Wi-Fi, HomeKit",Access control
Kangaroo Doorbell Camera,Security,9500,8.39,7.73,"HomeKit, Alexa",Perimeter monitoring
ChargePoint Energy Display,Energy Management,3176,7.26,6.58,"HomeKit, Google Home, Matter",Peak shaving
Arlo Security Camera,Security,7346,8.53,7.32,"Zigbee, Z-Wave",Remote surveillance
Bosch AC Controller,HVAC,11258,8.62,9.86,"HomeKit, Google Home, Matter",Zoned climate control
Logitech Smart Lock,Security,8871,9.23,7.84,"Wi-Fi, Bluetooth",Safety monitoring
Lennox Air Quality Monitor,HVAC,9943,8.87,9.27,"HomeKit, Google Home, Matter",Ventilation management
Yeelight Smart Bulb,Lighting,3272,7.95,7.31,"HomeKit, Alexa",Task lighting
August Flood Sensor,Security,4478,7.05,6.14,"Wi-Fi, Bluetooth",Asset protection
Fujitsu Ventilation Controller,HVAC,6812,6.94,7.05,"Wi-Fi, Google Home, Alexa",Air quality management
Fujitsu Air Quality Monitor,HVAC,8767,7.72,8.08,"HomeKit, Google Home, Matter",Energy-efficient heating
Kangaroo Smoke Detector,Security,4397,7.05,5.86,"Wi-Fi, Google Home, Alexa",Safety monitoring
Feit Electric Under Cabinet Light,Lighting,1863,6.79,6.59,"HomeKit, Google Home, Matter",Security lighting
Kangaroo Doorbell Camera,Security,16112,10.0,9.94,"Zigbee, Matter",Perimeter monitoring
Ecobee Humidifier,HVAC,5722,7.13,7.66,"Google Home, Alexa, Matter",Temperature regulation
TP-Link Recessed Light,Lighting,5089,9.7,9.29,"Wi-Fi, HomeKit",Ambiance management
Emerson Humidifier,HVAC,8316,7.45,8.2,"Zigbee, Z-Wave",Humidity control
Philips Hue Color Light,Lighting,2468,6.76,7.47,"HomeKit, Alexa",Circadian rhythm lighting
GE Wall Sconce,Lighting,5427,8.93,8.97,"Zigbee, Matter",Ambiance management
Feit Electric Smart Bulb,Lighting,5549,9.45,8.65,"Google Home, Alexa, Matter",Automated lighting
LIFX Wall Sconce,Lighting,5034,8.77,8.9,"Z-Wave, Alexa",Energy-efficient lighting
Honeywell Radiant Floor Controller,HVAC,6744,6.86,6.76,"Zigbee, Matter",Allergen reduction
Arlo CO Detector,Security,2260,6.84,5.25,"Z-Wave, Alexa",Remote surveillance
Kasa Smart Plug,Energy Management,1520,7.11,5.36,"Wi-Fi, Bluetooth",Energy optimization
Kasa Desk Lamp,Lighting,2838,7.29,7.12,"Wi-Fi, Bluetooth",Decorative lighting
SimpliSafe Smoke Detector,Security,3604,6.96,5.67,"Zigbee, Z-Wave",Perimeter monitoring
Govee Ceiling Light,Lighting,3435,8.04,7.47,"Zigbee, Z-Wave",Security lighting
Rheem AC Controller,HVAC,6391,7.5,7.33,"HomeKit, Google Home, Matter",Ventilation management
Emerson HVAC Zoning System,HVAC,11007,8.87,9.31,"Google Home, Alexa, Matter",Ventilation management
Kangaroo Alarm System,Security,17889,10.0,10.0,"Google Home, Alexa, Matter",Asset protection
Cree Outdoor Light,Lighting,3698,8.07,8.35,"Zigbee, Z-Wave",Circadian rhythm lighting
Meross Color Light,Lighting,5027,9.17,8.24,"HomeKit, Google Home, Matter",Ambiance management
Wyze Outdoor Light,Lighting,3249,7.55,7.77,"Wi-Fi, Google Home, Alexa",Security lighting
Mitsubishi Humidifier,HVAC,8943,7.18,8.17,"Zigbee, Matter",Climate control
Juicebox Power Optimizer,Energy Management,6342,10.0,7.66,"Thread, Matter",Energy monitoring
Sensibo Heater,HVAC,4192,6.17,6.62,"HomeKit, Alexa",Humidity control
Arlo Facial Recognition Camera,Security,5747,6.49,6.97,"Wi-Fi, Google Home, Alexa",Emergency detection
Abode Perimeter Sensor,Security,4626,6.5,6.52,"Wi-Fi, Google Home, Alexa",Safety monitoring
TP-Link Power Optimizer,Energy Management,6767,10.0,8.35,"HomeKit, Google Home, Matter",Renewable integration
ADT Perimeter Sensor,Security,2922,6.42,5.76,"Zigbee, Z-Wave",Emergency detection
Kasa Ceiling Light,Lighting,1920,7.14,6.58,"HomeKit, Alexa",Ambiance management
Honeywell Smart Thermostat,HVAC,4336,6.35,6.29,"Zigbee, Z-Wave",Humidity control
Blink Motion Sensor,Security,6612,7.51,7.06,"Wi-Fi, HomeKit",Access control
Honeywell Humidifier,HVAC,8028,7.5,7.62,"HomeKit, Alexa",Temperature regulation
Honeywell Smart Thermostat,HVAC,5228,6.22,7.68,"Zigbee, Matter",Energy-efficient heating
Kangaroo CO Detector,Security,4371,7.41,6.39,"Google Home, Alexa, Matter",Asset protection
LG Temperature Sensor,HVAC,1694,5.93,5.98,"HomeKit, Alexa",Ventilation management
Cielo Humidifier,HVAC,2793,5.47,5.44,"HomeKit, Google Home, Matter",Energy-efficient heating
Nest CO Detector,Security,6966,7.71,7.53,"Thread, Matter",Door security
Carrier Heat Pump Controller,HVAC,14397,9.48,9.76,"HomeKit, Alexa",Energy-efficient heating
Wiz Pathway Light,Lighting,3149,7.89,7.37,"HomeKit, Alexa",Energy-efficient lighting
LG Ceiling Fan,HVAC,9783,9.2,8.65,"HomeKit, Alexa",Climate control
Ecobee Dehumidifier,HVAC,12572,9.46,10.0,"Wi-Fi, HomeKit",Allergen reduction
Bosch Humidifier,HVAC,9147,8.71,8.54,"HomeKit, Google Home, Matter",Ventilation management
Eufy Alarm System,Security,14877,9.72,9.85,"Wi-Fi, HomeKit",Remote surveillance
Juicebox Power Strip,Energy Management,7224,10.0,8.44,"HomeKit, Google Home, Matter",Power management
Honeywell Ventilation Controller,HVAC,6368,6.99,7.48,"Wi-Fi, Google Home, Alexa",Ventilation management
Mitsubishi Ceiling Fan,HVAC,7732,7.53,8.12,"HomeKit, Google Home, Matter",Air quality management
Emerson Ventilation Controller,HVAC,8031,6.98,8.34,"Zigbee, Z-Wave",Zoned climate control
Sense Consumption Monitor,Energy Management,2532,8.03,6.01,"HomeKit, Alexa",Load balancing
August Motion Sensor,Security,7053,7.41,7.53,"Wi-Fi, HomeKit",Perimeter monitoring
Kangaroo Perimeter Sensor,Security,8387,8.48,7.41,"Wi-Fi, Google Home, Alexa",Emergency detection
Rheem Air Purifier,HVAC,10577,7.88,8.1,"Google Home, Alexa, Matter",Climate control
Carrier Heat Pump Controller,HVAC,9490,7.52,8.42,"HomeKit, Alexa",Temperature regulation
Tuya Desk Lamp,Lighting,5771,9.27,9.42,"HomeKit, Google Home, Matter",Lighting control
Emporia Power Strip,Energy Management,5320,7.77,7.6,"Zigbee, Matter",Demand response
Nest Heat Pump Controller,HVAC,11504,9.24,9.59,"Google Home, Alexa, Matter",Allergen reduction
Meross Recessed Light,Lighting,5898,9.02,9.58,"Wi-Fi, Google Home, Alexa",Energy-efficient lighting
Logitech Perimeter Sensor,Security,7203,8.73,6.52,"Z-Wave, Alexa",Perimeter monitoring
Tuya Floor Lamp,Lighting,1141,7.26,5.78,"Z-Wave, Alexa",Task lighting
LG Heater,HVAC,11181,8.4,9.37,"HomeKit, Alexa",Energy-efficient heating
Nest HVAC Zoning System,HVAC,13262,9.26,9.87,"HomeKit, Google Home, Matter",Zoned climate control
Carrier AC Controller,HVAC,7524,7.87,7.59,"Zigbee, Z-Wave",Air quality management
LG Air Purifier,HVAC,9186,8.57,7.58,"Wi-Fi, Google Home, Alexa",Energy-efficient heating
Dyson Dehumidifier,HVAC,8229,7.45,7.42,"Zigbee, Z-Wave",Climate control
Honeywell Air Purifier,HVAC,11138,8.56,9.04,"Google Home, Alexa, Matter",Ventilation management
GE Wall Sconce,Lighting,4950,8.73,8.85,"HomeKit, Alexa",Automated lighting
Daikin Ceiling Fan,HVAC,3481,6.04,6.38,"HomeKit, Alexa",Air quality management
Arlo Perimeter Sensor,Security,6064,7.87,7.02,"Wi-Fi, Bluetooth",Door security
Sense Energy Gateway,Energy Management,2032,6.72,6.03,"HomeKit, Alexa",Demand response
GE Pathway Light,Lighting,3290,8.7,7.46,"HomeKit, Google Home, Matter",Task lighting
Yale Garage Door Controller,Security,7060,8.16,7.01,"Wi-Fi, Bluetooth",Remote surveillance
Rheem Heat Pump Controller,HVAC,6675,7.0,7.3,"Z-Wave, Alexa",Humidity control
Reolink Perimeter Sensor,Security,4143,6.97,6.04,"Zigbee, Z-Wave",Safety monitoring
Curb Smart Meter,Energy Management,8157,9.98,9.42,"Wi-Fi, Bluetooth",Renewable integration
Tado Dehumidifier,HVAC,10356,8.31,8.53,"Wi-Fi, HomeKit",Humidity control
LIFX Wall Sconce,Lighting,1622,5.89,6.66,"Wi-Fi, Google Home, Alexa",Task lighting
Sensibo Temperature Sensor,HVAC,2113,5.63,5.77,"HomeKit, Google Home, Matter",Energy-efficient heating
Nanoleaf Desk Lamp,Lighting,4394,8.14,7.84,"HomeKit, Google Home, Matter",Decorative lighting
Curb Energy Display,Energy Management,5766,9.52,7.64,"Thread, Matter",Peak shaving
Blink Glass Break Detector,Security,7000,7.06,6.78,"Zigbee, Z-Wave",Safety monitoring
Philips Hue Floor Lamp,Lighting,5629,9.03,9.83,"Wi-Fi, HomeKit",Security lighting
Dyson Heat Pump Controller,HVAC,15455,10.0,10.0,"Wi-Fi, Google Home, Alexa",Air quality management
August Facial Recognition Camera,Security,9485,8.43,7.83,"HomeKit, Google Home, Matter",Remote surveillance
TP-Link Wall Sconce,Lighting,4080,8.33,7.51,"Z-Wave, Alexa",Energy-efficient lighting
Fujitsu Ventilation Controller,HVAC,11428,8.26,9.13,"Wi-Fi, Bluetooth",Climate control
Nest Doorbell Camera,Security,5980,6.96,7.14,"Wi-Fi, HomeKit",Safety monitoring
Reolink Doorbell Camera,Security,15740,10.0,9.9,"Zigbee, Z-Wave",Door security
Dyson Radiant Floor Controller,HVAC,15851,10.0,10.0,"Zigbee, Z-Wave",Energy-efficient heating
Eufy Glass Break Detector,Security,4081,7.74,6.22,"Z-Wave, Alexa",Perimeter monitoring
Ring Flood Sensor,Security,9556,8.25,8.35,"HomeKit, Google Home, Matter",Asset protection
Abode Alarm System,Security,4091,7.05,6.3,"Zigbee, Z-Wave",Door security
Wyze Floor Lamp,Lighting,1254,6.78,5.93,"HomeKit, Alexa",Security lighting
Eufy Alarm System,Security,6778,7.85,6.16,"Thread, Matter",Remote surveillance
August Motion Sensor,Security,9566,8.63,8.23,"Thread, Matter",Perimeter monitoring
LIFX Floor Lamp,Lighting,4576,8.62,8.18,"Wi-Fi, HomeKit",Automated lighting
Kwikset Security Camera,Security,16831,10.0,10.0,"HomeKit, Google Home, Matter",Remote surveillance
Lennox Ceiling Fan,HVAC,10378,8.66,8.33,"Wi-Fi, HomeKit",Zoned climate control
Cree Under Cabinet Light,Lighting,4993,9.03,8.69,"HomeKit, Google Home, Matter",Circadian rhythm lighting
Kangaroo Glass Break Detector,Security,6501,7.28,6.99,"Zigbee, Z-Wave",Asset protection
Meross Pathway Light,Lighting,1550,6.75,5.62,"Thread, Matter",Security lighting
Honeywell Heat Pump Controller,HVAC,10101,8.14,9.43,"HomeKit, Google Home, Matter",Ventilation management
Lennox Air Purifier,HVAC,4120,6.31,6.25,"HomeKit, Alexa",Zoned climate control
ADT Security Camera,Security,4990,7.5,6.78,"Wi-Fi, Bluetooth",Remote surveillance
Kangaroo Garage Door Controller,Security,16062,10.0,9.67,"Google Home, Alexa, Matter",Emergency detection
Fujitsu Heater,HVAC,3252,6.33,5.82,"Wi-Fi, Bluetooth",Energy-efficient heating
Honeywell Smart Thermostat,HVAC,8960,7.41,8.22,"Zigbee, Z-Wave",Ventilation management
Tesla Consumption Monitor,Energy Management,2867,8.26,7.06,"Wi-Fi, Bluetooth",Energy monitoring
Dyson Smart Thermostat,HVAC,8723,8.19,8.83,"Wi-Fi, Bluetooth",Climate control
Nest CO Detector,Security,10639,8.17,8.59,"Thread, Matter",Intrusion detection
SimpliSafe Perimeter Sensor,Security,5993,7.54,6.5,"Z-Wave, Alexa",Intrusion detection
Abode Smart Safe,Security,14051,9.91,9.26,"Wi-Fi, Google Home, Alexa",Safety monitoring
Meross Ceiling Light,Lighting,4790,8.19,9.35,"Wi-Fi, Google Home, Alexa",Decorative lighting
Govee Garden Light,Lighting,1190,6.44,5.74,"Google Home, Alexa, Matter",Task lighting
Cielo Radiant Floor Controller,HVAC,4521,6.93,6.4,"HomeKit, Alexa",Humidity control
Tesla Smart Meter,Energy Management,5839,9.09,8.39,"Wi-Fi, Google Home, Alexa",Energy optimization
Enphase Battery System,Energy Management,6297,10.0,8.22,"Z-Wave, Alexa",Power management
Eufy Security Camera,Security,11443,8.44,8.51,"Wi-Fi, Bluetooth",Intrusion detection
Emerson Temperature Sensor,HVAC,6817,7.22,7.73,"Google Home, Alexa, Matter",Air quality management
Blink Alarm System,Security,8028,8.63,6.7,"Wi-Fi, Google Home, Alexa",Remote surveillance
Honeywell Humidifier,HVAC,8640,8.64,8.3,"Zigbee, Z-Wave",Climate control
Span Grid Tie Inverter,Energy Management,8764,10.0,9.46,"Wi-Fi, Bluetooth",Demand response
Sense Power Strip,Energy Management,6745,9.4,8.64,"Zigbee, Z-Wave",Peak shaving
Blink Smart Safe,Security,11430,9.03,8.68,"Wi-Fi, HomeKit",Intrusion detection
Tado HVAC Zoning System,HVAC,6810,7.17,7.26,"Zigbee, Matter",Air quality management
Lutron Smart Plug,Energy Management,1471,6.94,6.07,"Zigbee, Z-Wave",Consumption tracking
Sylvania Color Light,Lighting,4230,9.0,8.19,"Thread, Matter",Security lighting
Honeywell AC Controller,HVAC,6760,7.05,7.16,"HomeKit, Alexa",Energy-efficient heating
Sense Solar Controller,Energy Management,3833,7.78,6.62,"Wi-Fi, Bluetooth",Renewable integration
GE Under Cabinet Light,Lighting,1231,5.52,5.47,"HomeKit, Alexa",Energy-efficient lighting
Mitsubishi Humidifier,HVAC,9511,7.87,8.74,"Wi-Fi, HomeKit",Temperature regulation
Govee Smart Bulb,Lighting,5605,9.57,9.26,"Wi-Fi, Bluetooth",Automated lighting
Ring Smart Safe,Security,13261,9.58,9.59,"Google Home, Alexa, Matter",Remote surveillance
Cielo AC Controller,HVAC,12076,8.98,9.38,"Wi-Fi, HomeKit",Humidity control
Rheem AC Controller,HVAC,3936,6.4,6.09,"Wi-Fi, Bluetooth",Climate control
Meross Outdoor Light,Lighting,4645,8.79,8.82,"HomeKit, Google Home, Matter",Task lighting
Mitsubishi Heater,HVAC,2726,6.32,5.62,"Thread, Matter",Zoned climate control
Wyze Pendant Light,Lighting,2909,8.31,6.92,"Google Home, Alexa, Matter",Security lighting
Sylvania Desk Lamp,Lighting,1692,7.54,6.47,"HomeKit, Google Home, Matter",Energy-efficient lighting
Wyze Glass Break Detector,Security,3933,6.85,6.3,"Thread, Matter",Safety monitoring
SolarEdge Energy Display,Energy Management,6247,9.02,7.97,"HomeKit, Alexa",Peak shaving
Tuya Track Light,Lighting,2018,7.04,6.76,"Wi-Fi, Google Home, Alexa",Task lighting
Kwikset Doorbell Camera,Security,13360,9.47,8.74,"Wi-Fi, Google Home, Alexa",Remote surveillance
Nest Alarm System,Security,5462,7.35,6.76,"Z-Wave, Alexa",Door security
Span Consumption Monitor,Energy Management,1236,7.29,5.2,"Z-Wave, Alexa",Renewable integration
Sense EV Charger,Energy Management,5236,8.83,7.88,"Wi-Fi, HomeKit",Renewable integration
Nest Heater,HVAC,4620,6.22,7.36,"Z-Wave, Alexa",Ventilation management
SimpliSafe Security Camera,Security,17927,10.0,10.0,"Google Home, Alexa, Matter",Asset protection
Sensibo AC Controller,HVAC,4312,6.41,6.52,"Thread, Matter",Air quality management
Logitech Perimeter Sensor,Security,5239,7.01,6.23,"Wi-Fi, HomeKit",Emergency detection
Kasa Track Light,Lighting,2504,6.68,6.59,"HomeKit, Google Home, Matter",Lighting control
Meross Pendant Light,Lighting,2516,7.56,7.28,"HomeKit, Alexa",Task lighting
SolarEdge Energy Monitor,Energy Management,3669,8.19,6.72,"HomeKit, Alexa",Peak shaving
Kasa Grid Tie Inverter,Energy Management,1756,7.18,5.83,"Z-Wave, Alexa",Peak shaving
Lennox Air Quality Monitor,HVAC,8506,7.87,8.06,"Wi-Fi, Google Home, Alexa",Allergen reduction
Arlo Smart Safe,Security,12821,9.56,8.92,"Google Home, Alexa, Matter",Asset protection
Ecobee Radiant Floor Controller,HVAC,15225,9.82,10.0,"Zigbee, Matter",Allergen reduction
Eve Energy Gateway,Energy Management,6844,9.61,8.41,"Google Home, Alexa, Matter",Energy monitoring
Kasa Under Cabinet Light,Lighting,2864,7.28,6.82,"Wi-Fi, Google Home, Alexa",Energy-efficient lighting
Arlo CO Detector,Security,6543,8.23,6.86,"HomeKit, Google Home, Matter",Safety monitoring
Wyze Motion Sensor,Security,7445,8.36,7.01,"Zigbee, Matter",Safety monitoring
Nest Air Quality Monitor,HVAC,4134,6.49,6.91,"Z-Wave, Alexa",Air quality management
ChargePoint Smart Meter,Energy Management,6284,9.06,8.25,"Thread, Matter",Peak shaving
Logitech Flood Sensor,Security,6579,7.57,6.68,"Wi-Fi, Bluetooth",Emergency detection
Leviton Consumption Monitor,Energy Management,2240,7.77,6.33,"HomeKit, Alexa",Energy optimization
ADT Flood Sensor,Security,2885,7.09,5.17,"Thread, Matter",Safety monitoring
Kasa Power Optimizer,Energy Management,7553,10.0,8.6,"Zigbee, Matter",Load balancing
Blink Smoke Detector,Security,7126,8.25,6.84,"Google Home, Alexa, Matter",Access control
Bosch Ventilation Controller,HVAC,13698,9.37,10.0,"Wi-Fi, HomeKit",Ventilation management
Sense Power Optimizer,Energy Management,2653,7.92,6.23,"HomeKit, Google Home, Matter",Renewable integration
Enphase Power Strip,Energy Management,8466,9.77,9.17,"Zigbee, Matter",Energy optimization
Emerson Ceiling Fan,HVAC,11078,8.46,9.39,"Wi-Fi, Google Home, Alexa",Energy-efficient heating
Sensibo Air Purifier,HVAC,3823,6.24,6.06,"Google Home, Alexa, Matter",Humidity control
Daikin Ventilation Controller,HVAC,6093,7.1,7.21,"HomeKit, Google Home, Matter",Humidity control
Reolink Garage Door Controller,Security,16906,10.0,10.0,"Zigbee, Matter",Perimeter monitoring
GE Track Light,Lighting,5465,9.04,9.19,"Zigbee, Matter",Decorative lighting
Span Smart Meter,Energy Management,3180,8.03,6.43,"Wi-Fi, HomeKit",Load balancing
Nest Security Camera,Security,5587,7.74,6.88,"Google Home, Alexa, Matter",Perimeter monitoring
Tado Smart Thermostat,HVAC,4255,5.8,6.45,"Wi-Fi, Google Home, Alexa",Ventilation management
LIFX Color Light,Lighting,1784,6.8,6.39,"Wi-Fi, HomeKit",Decorative lighting
Yeelight Pathway Light,Lighting,1390,7.05,5.21,"HomeKit, Google Home, Matter",Lighting control
Mitsubishi Temperature Sensor,HVAC,6044,6.99,7.33,"Zigbee, Matter",Energy-efficient heating
Cielo Ventilation Controller,HVAC,10725,9.21,9.44,"Wi-Fi, HomeKit",Air quality management
Arlo Window Sensor,Security,3875,6.34,5.85,"HomeKit, Alexa",Emergency detection
Eufy Security Camera,Security,12958,9.61,8.55,"Z-Wave, Alexa",Door security
Emerson Humidifier,HVAC,8644,8.16,7.96,"Wi-Fi, Bluetooth",Air quality management
Fujitsu Dehumidifier,HVAC,10586,9.29,8.82,"HomeKit, Google Home, Matter",Zoned climate control
Dyson Air Purifier,HVAC,3947,6.67,7.0,"Google Home, Alexa, Matter",Allergen reduction
Kangaroo Window Sensor,Security,4043,6.55,5.98,"Thread, Matter",Access control
Ring Garage Door Controller,Security,17710,10.0,10.0,"Zigbee, Matter",Access control
Tuya LED Strip,Lighting,1391,5.81,5.93,"HomeKit, Alexa",Circadian rhythm lighting
Lennox Radiant Floor Controller,HVAC,5720,6.71,7.0,"Wi-Fi, Bluetooth",Climate control
Eve Battery System,Energy Management,9832,10.0,9.94,"Wi-Fi, Google Home, Alexa",Load balancing
Blink Smoke Detector,Security,6044,6.94,6.3,"Wi-Fi, HomeKit",Asset protection
Schneider Power Optimizer,Energy Management,8533,10.0,9.45,"Zigbee, Matter",Load balancing
Honeywell Heat Pump Controller,HVAC,6041,6.96,7.03,"Z-Wave, Alexa",Allergen reduction
Arlo CO Detector,Security,3895,7.45,6.22,"Wi-Fi, Google Home, Alexa",Door security
Sense Smart Switch,Energy Management,3125,8.54,6.9,"Zigbee, Z-Wave",Consumption tracking
Emerson Temperature Sensor,HVAC,3870,6.88,6.36,"HomeKit, Google Home, Matter",Allergen reduction
Nest Heat Pump Controller,HVAC,9442,8.16,9.13,"Google Home, Alexa, Matter",Allergen reduction
Rheem Ventilation Controller,HVAC,12299,9.52,9.46,"Z-Wave, Alexa",Energy-efficient heating
Ring Facial Recognition Camera,Security,17014,10.0,10.0,"HomeKit, Google Home, Matter",Safety monitoring
Nest Doorbell Camera,Security,19981,10.0,10.0,"Google Home, Alexa, Matter",Perimeter monitoring
August Motion Sensor,Security,2953,7.3,6.01,"Wi-Fi, Google Home, Alexa",Asset protection
Kwikset Glass Break Detector,Security,4134,6.84,6.67,"Wi-Fi, Bluetooth",Perimeter monitoring
Dyson Ventilation Controller,HVAC,4793,6.06,6.96,"Thread, Matter",Zoned climate control
Yale Motion Sensor,Security,5702,7.17,6.5,"Wi-Fi, HomeKit",Door security
Juicebox Smart Meter,Energy Management,4865,8.85,6.78,"Wi-Fi, Google Home, Alexa",Demand response
August Alarm System,Security,14817,9.5,10.0,"Wi-Fi, HomeKit",Access control
Fujitsu Smart Thermostat,HVAC,8236,7.14,7.88,"Google Home, Alexa, Matter",Temperature regulation
LIFX Recessed Light,Lighting,1702,7.04,6.16,"Z-Wave, Alexa",Task lighting
Daikin Smart Thermostat,HVAC,2158,6.01,5.48,"Zigbee, Matter",Temperature regulation
Nest Window Sensor,Security,10744,8.32,8.2,"Google Home, Alexa, Matter",Intrusion detection
SolarEdge Grid Tie Inverter,Energy Management,7875,10.0,9.03,"HomeKit, Google Home, Matter",Peak shaving
Eve Consumption Monitor,Energy Management,8290,9.56,9.74,"HomeKit, Alexa",Demand response
GE Recessed Light,Lighting,4611,7.91,8.26,"Google Home, Alexa, Matter",Decorative lighting
Kasa Pendant Light,Lighting,2194,6.58,6.16,"Wi-Fi, Bluetooth",Security lighting
Kwikset Security Camera,Security,7464,8.48,7.5,"Wi-Fi, HomeKit",Intrusion detection
Yale Facial Recognition Camera,Security,6708,7.98,6.63,"Wi-Fi, Google Home, Alexa",Access control
LIFX Desk Lamp,Lighting,2947,7.57,7.06,"Thread, Matter",Decorative lighting
Bosch Air Purifier,HVAC,6648,7.34,7.25,"Google Home, Alexa, Matter",Humidity control
Kangaroo Doorbell Camera,Security,5396,7.93,6.97,"HomeKit, Google Home, Matter",Emergency detection
Nest Ceiling Fan,HVAC,6059,6.46,7.72,"Wi-Fi, Bluetooth",Energy-efficient heating
TP-Link LED Strip,Lighting,3738,7.63,7.27,"Zigbee, Matter",Automated lighting
Kasa Battery System,Energy Management,6156,9.67,7.83,"Google Home, Alexa, Matter",Energy monitoring
Wyze Pathway Light,Lighting,4823,8.15,8.43,"Wi-Fi, Google Home, Alexa",Task lighting
Emerson Radiant Floor Controller,HVAC,9430,8.13,8.09,"Wi-Fi, Google Home, Alexa",Ventilation management
Lennox Heat Pump Controller,HVAC,8897,7.56,8.39,"Zigbee, Matter",Ventilation management
Carrier AC Controller,HVAC,9276,8.31,7.99,"Google Home, Alexa, Matter",Zoned climate control
Reolink Doorbell Camera,Security,10406,8.42,7.64,"Thread, Matter",Emergency detection
Nest Glass Break Detector,Security,4127,6.83,7.14,"HomeKit, Google Home, Matter",Safety monitoring
Fujitsu Humidifier,HVAC,5568,6.56,7.46,"HomeKit, Alexa",Energy-efficient heating
Yale Glass Break Detector,Security,3390,6.63,5.9,"Z-Wave, Alexa",Remote surveillance
Leviton Battery System,Energy Management,2756,7.57,6.16,"Thread, Matter",Energy optimization
Rheem Air Quality Monitor,HVAC,2281,5.89,5.59,"Wi-Fi, HomeKit",Air quality management
Reolink Motion Sensor,Security,8980,8.39,7.31,"Thread, Matter",Intrusion detection
Nest HVAC Zoning System,HVAC,15501,10.0,10.0,"HomeKit, Google Home, Matter",Temperature regulation
TP-Link Smart Plug,Energy Management,2408,6.92,6.27,"HomeKit, Alexa",Demand response
Dyson Temperature Sensor,HVAC,5546,6.91,6.79,"Zigbee, Matter",Temperature regulation
Meross Under Cabinet Light,Lighting,5203,8.59,9.08,"HomeKit, Google Home, Matter",Task lighting
Ecobee Dehumidifier,HVAC,7802,7.37,8.19,"Google Home, Alexa, Matter",Temperature regulation
Juicebox Smart Plug,Energy Management,2214,7.21,6.59,"HomeKit, Alexa",Consumption tracking
Sylvania Ceiling Light,Lighting,5412,9.06,9.04,"Zigbee, Z-Wave",Automated lighting
Abode Alarm System,Security,15991,10.0,9.91,"HomeKit, Google Home, Matter",Asset protection
Eve Smart Meter,Energy Management,8087,9.93,9.12,"HomeKit, Google Home, Matter",Load balancing
Wemo Power Strip,Energy Management,5640,9.43,8.13,"Zigbee, Matter",Power management
Nest Smoke Detector,Security,9187,7.94,8.63,"HomeKit, Google Home, Matter",Door security
SolarEdge Consumption Monitor,Energy Management,6388,8.59,8.44,"Wi-Fi, Google Home, Alexa",Power management
Schneider Smart Switch,Energy Management,5233,8.78,7.67,"Google Home, Alexa, Matter",Energy optimization
Leviton Consumption Monitor,Energy Management,5983,9.01,8.01,"HomeKit, Alexa",Energy monitoring
Schneider Smart Plug,Energy Management,4430,8.68,7.26,"Wi-Fi, HomeKit",Consumption tracking
Honeywell Dehumidifier,HVAC,5173,7.09,6.4,"HomeKit, Alexa",Energy-efficient heating
Kwikset Facial Recognition Camera,Security,7303,8.13,7.23,"Zigbee, Z-Wave",Emergency detection
Honeywell Heat Pump Controller,HVAC,12042,8.89,9.8,"HomeKit, Google Home, Matter",Zoned climate control
SimpliSafe Facial Recognition Camera,Security,11939,9.07,8.53,"Zigbee, Z-Wave",Emergency detection
Bosch Humidifier,HVAC,5726,7.34,7.47,"HomeKit, Google Home, Matter",Zoned climate control
Reolink Smoke Detector,Security,4190,6.62,6.51,"Zigbee, Z-Wave",Safety monitoring
Tesla EV Charger,Energy Management,7587,10.0,9.95,"Zigbee, Z-Wave",Demand response
Honeywell Radiant Floor Controller,HVAC,9059,7.99,8.25,"HomeKit, Google Home, Matter",Climate control
August Perimeter Sensor,Security,5834,7.87,7.53,"HomeKit, Alexa",Asset protection
Tuya Wall Sconce,Lighting,3789,9.27,7.81,"Wi-Fi, HomeKit",Security lighting
GE LED Strip,Lighting,3663,7.96,7.35,"Zigbee, Matter",Decorative lighting
Sensibo Dehumidifier,HVAC,10234,8.65,8.97,"HomeKit, Google Home, Matter",Temperature regulation
Mitsubishi Humidifier,HVAC,8570,7.7,8.25,"HomeKit, Google Home, Matter",Ventilation management
SimpliSafe Perimeter Sensor,Security,2714,6.07,5.42,"Z-Wave, Alexa",Safety monitoring
GE Outdoor Light,Lighting,940,5.79,5.52,"Google Home, Alexa, Matter",Energy-efficient lighting
SimpliSafe Motion Sensor,Security,8012,8.23,7.97,"Zigbee, Matter",Intrusion detection
SimpliSafe Smoke Detector,Security,4541,7.46,5.97,"Google Home, Alexa, Matter",Emergency detection
Reolink Smart Safe,Security,9811,8.65,7.7,"Zigbee, Matter",Safety monitoring
Kasa Smart Bulb,Lighting,4897,8.52,8.18,"Wi-Fi, HomeKit",Security lighting
Logitech Facial Recognition Camera,Security,15358,9.68,9.63,"HomeKit, Alexa",Remote surveillance
Sense Energy Display,Energy Management,4379,8.47,6.73,"Zigbee, Z-Wave",Renewable integration
Span Smart Switch,Energy Management,4854,9.02,7.18,"HomeKit, Alexa",Peak shaving
ADT Alarm System,Security,12386,9.83,8.64,"Wi-Fi, Google Home, Alexa",Remote surveillance
Bosch Heater,HVAC,11600,9.05,8.66,"Wi-Fi, HomeKit",Energy-efficient heating
Schlage Doorbell Camera,Security,14880,10.0,9.59,"Zigbee, Matter",Intrusion detection
Rheem Radiant Floor Controller,HVAC,6097,7.13,6.75,"Zigbee, Matter",Humidity control
SimpliSafe Garage Door Controller,Security,14367,10.0,9.22,"Zigbee, Matter",Asset protection
Sylvania Wall Sconce,Lighting,5615,8.59,9.32,"Zigbee, Matter",Circadian rhythm lighting
Bosch Heat Pump Controller,HVAC,8699,8.17,8.01,"Zigbee, Matter",Climate control
Bosch Humidifier,HVAC,9227,8.44,8.56,"Google Home, Alexa, Matter",Ventilation management
Honeywell Heater,HVAC,7010,6.92,8.15,"Wi-Fi, HomeKit",Climate control
Tado Heater,HVAC,11776,9.18,9.53,"Google Home, Alexa, Matter",Temperature regulation
Bosch HVAC Zoning System,HVAC,3630,5.55,6.2,"Thread, Matter",Zoned climate control
Arlo Smart Lock,Security,5352,7.79,6.9,"Google Home, Alexa, Matter",Access control
Daikin Ventilation Controller,HVAC,10327,7.88,9.06,"HomeKit, Alexa",Allergen reduction
August Smart Safe,Security,4678,7.07,7.47,"Zigbee, Matter",Emergency detection
Arlo Doorbell Camera,Security,4519,7.33,5.68,"Zigbee, Z-Wave",Intrusion detection
Schlage Perimeter Sensor,Security,5729,6.83,5.96,"Zigbee, Z-Wave",Remote surveillance
Tuya Pathway Light,Lighting,4808,8.93,9.07,"HomeKit, Google Home, Matter",Security lighting
Wyze Pathway Light,Lighting,1990,6.5,6.68,"Wi-Fi, Google Home, Alexa",Lighting control
Tado HVAC Zoning System,HVAC,10843,8.36,8.73,"Google Home, Alexa, Matter",Humidity control
Fujitsu Heater,HVAC,7189,7.08,7.52,"Google Home, Alexa, Matter",Allergen reduction
Eufy Motion Sensor,Security,8704,8.43,7.77,"Zigbee, Z-Wave",Asset protection
Rheem Ceiling Fan,HVAC,4475,6.46,6.02,"Zigbee, Z-Wave",Ventilation management
Carrier Ceiling Fan,HVAC,9397,8.76,8.72,"Google Home, Alexa, Matter",Climate control
Tado Ventilation Controller,HVAC,10979,8.17,8.72,"HomeKit, Alexa",Zoned climate control
Reolink Security Camera,Security,8999,8.99,7.71,"Z-Wave, Alexa",Emergency detection
Sensibo Humidifier,HVAC,6211,7.01,6.98,"Zigbee, Z-Wave",Zoned climate control
ADT Motion Sensor,Security,5619,7.42,6.61,"Wi-Fi, Bluetooth",Perimeter monitoring
ADT Window Sensor,Security,5374,7.37,6.0,"HomeKit, Alexa",Perimeter monitoring
Bosch Ventilation Controller,HVAC,5493,7.22,6.81,"Z-Wave, Alexa",Ventilation management
Tado Dehumidifier,HVAC,5083,7.1,6.37,"Wi-Fi, Bluetooth",Allergen reduction
Tado HVAC Zoning System,HVAC,10123,7.41,8.6,"Google Home, Alexa, Matter",Air quality management
Tuya Pendant Light,Lighting,5243,9.34,9.15,"Wi-Fi, HomeKit",Lighting control
Sense Smart Meter,Energy Management,3568,8.09,7.08,"Wi-Fi, Google Home, Alexa",Load balancing
Span Load Controller,Energy Management,5837,9.41,7.67,"Wi-Fi, Bluetooth",Demand response
Kangaroo Facial Recognition Camera,Security,8645,8.27,7.42,"HomeKit, Alexa",Remote surveillance
Daikin Heat Pump Controller,HVAC,12715,8.82,9.52,"HomeKit, Google Home, Matter",Energy-efficient heating
Eufy Security Camera,Security,13543,8.98,8.68,"Google Home, Alexa, Matter",Remote surveillance
Sensibo Air Quality Monitor,HVAC,4496,6.03,6.02,"Google Home, Alexa, Matter",Climate control
Nest Heater,HVAC,11577,9.03,9.67,"Wi-Fi, Google Home, Alexa",Allergen reduction
Sylvania Mood Light,Lighting,2990,7.51,7.15,"Wi-Fi, Google Home, Alexa",Circadian rhythm lighting
Feit Electric Wall Sconce,Lighting,2626,7.38,7.51,"Zigbee, Matter",Ambiance management
Eve Power Optimizer,Energy Management,8829,10.0,9.59,"Wi-Fi, HomeKit",Load balancing
Fujitsu Heater,HVAC,9693,8.12,8.35,"Zigbee, Z-Wave",Air quality management
Nest Ceiling Fan,HVAC,10521,8.31,9.25,"Google Home, Alexa, Matter",Zoned climate control
Yeelight Pathway Light,Lighting,5161,8.85,8.91,"Google Home, Alexa, Matter",Circadian rhythm lighting
Lutron Load Controller,Energy Management,6059,8.77,8.08,"Thread, Matter",Consumption tracking
Carrier Smart Thermostat,HVAC,6917,7.01,7.75,"Wi-Fi, HomeKit",Air quality management
Cree Ceiling Light,Lighting,3330,7.28,7.35,"Wi-Fi, HomeKit",Automated lighting
Dyson Air Quality Monitor,HVAC,5550,6.95,7.44,"Zigbee, Z-Wave",Energy-efficient heating
Sengled Garden Light,Lighting,4479,8.74,8.37,"Google Home, Alexa, Matter",Decorative lighting
Kangaroo Alarm System,Security,15545,9.78,9.63,"HomeKit, Alexa",Remote surveillance
Sengled Garden Light,Lighting,5285,8.36,9.33,"Zigbee, Z-Wave",Task lighting
Bosch Temperature Sensor,HVAC,3553,5.77,6.1,"Thread, Matter",Humidity control
Leviton Smart Meter,Energy Management,5050,8.99,7.89,"Wi-Fi, Google Home, Alexa",Peak shaving
August CO Detector,Security,9535,8.22,8.16,"Wi-Fi, Google Home, Alexa",Remote surveillance
Sensibo Smart Thermostat,HVAC,10591,8.51,8.72,"HomeKit, Google Home, Matter",Allergen reduction
Curb Energy Monitor,Energy Management,2838,7.44,6.12,"HomeKit, Google Home, Matter",Energy optimization
Sense Smart Switch,Energy Management,2603,8.01,5.77,"HomeKit, Alexa",Renewable integration
Emporia Solar Controller,Energy Management,6317,8.88,8.06,"Google Home, Alexa, Matter",Peak shaving
Eufy Smart Safe,Security,10370,8.16,7.95,"Zigbee, Z-Wave",Door security
Yale Garage Door Controller,Security,14081,9.22,9.18,"Zigbee, Matter",Asset protection
Emerson Smart Thermostat,HVAC,8140,7.42,7.18,"HomeKit, Google Home, Matter",Allergen reduction
Rheem Ventilation Controller,HVAC,5293,6.81,7.23,"HomeKit, Google Home, Matter",Temperature regulation
Wyze Doorbell Camera,Security,11388,9.03,8.01,"Google Home, Alexa, Matter",Intrusion detection
Arlo Doorbell Camera,Security,15026,10.0,9.68,"HomeKit, Alexa",Perimeter monitoring
ChargePoint Energy Monitor,Energy Management,4242,8.69,6.67,"Wi-Fi, Bluetooth",Consumption tracking
Ecobee Temperature Sensor,HVAC,4698,6.17,6.94,"Wi-Fi, HomeKit",Air quality management
Fujitsu Air Purifier,HVAC,7827,7.38,8.0,"Wi-Fi, Google Home, Alexa",Allergen reduction
Nanoleaf LED Strip,Lighting,1393,5.48,5.82,"Z-Wave, Alexa",Ambiance management
Logitech Glass Break Detector,Security,3459,6.65,6.11,"Google Home, Alexa, Matter",Intrusion detection
Lennox Ceiling Fan,HVAC,4672,6.89,6.23,"Wi-Fi, Google Home, Alexa",Temperature regulation
Emerson AC Controller,HVAC,3571,5.97,6.01,"Wi-Fi, HomeKit",Humidity control
Yale Smart Lock,Security,10933,9.72,8.02,"Zigbee, Z-Wave",Remote surveillance
SimpliSafe Smart Safe,Security,13541,9.21,8.38,"Wi-Fi, Google Home, Alexa",Door security
ChargePoint Energy Monitor,Energy Management,8288,9.92,9.19,"HomeKit, Alexa",Demand response
Cielo Heat Pump Controller,HVAC,12047,9.0,9.6,"HomeKit, Google Home, Matter",Climate control
TP-Link Wall Sconce,Lighting,1831,6.55,6.35,"Thread, Matter",Lighting control
Kasa EV Charger,Energy Management,1607,6.21,5.76,"Zigbee, Matter",Demand response
August Smart Safe,Security,14117,9.36,9.32,"HomeKit, Google Home, Matter",Access control
Sense Power Optimizer,Energy Management,5694,8.59,7.27,"Zigbee, Z-Wave",Peak shaving
Honeywell HVAC Zoning System,HVAC,11964,9.46,9.7,"Zigbee, Matter",Energy-efficient heating
Nest Ceiling Fan,HVAC,8311,7.39,8.48,"Zigbee, Matter",Humidity control
Nest CO Detector,Security,10495,8.98,8.95,"Wi-Fi, Bluetooth",Access control
Nanoleaf Smart Bulb,Lighting,3809,7.68,7.55,"HomeKit, Alexa",Lighting control
Leviton Load Controller,Energy Management,10369,10.0,10.0,"HomeKit, Alexa",Consumption tracking
Sensibo AC Controller,HVAC,5196,6.59,6.46,"Zigbee, Z-Wave",Temperature regulation
SimpliSafe Flood Sensor,Security,2769,7.16,6.13,"Wi-Fi, HomeKit",Access control
Cielo Temperature Sensor,HVAC,5583,6.97,7.25,"Z-Wave, Alexa",Allergen reduction
GE Mood Light,Lighting,1322,6.02,5.96,"HomeKit, Alexa",Security lighting
Sensibo Humidifier,HVAC,6583,6.41,6.75,"Wi-Fi, HomeKit",Humidity control
Philips Hue Mood Light,Lighting,4988,8.73,9.14,"HomeKit, Alexa",Automated lighting
Wemo Energy Monitor,Energy Management,1885,6.82,6.19,"Google Home, Alexa, Matter",Demand response
Logitech Garage Door Controller,Security,3788,7.2,5.67,"Wi-Fi, Google Home, Alexa",Access control
Nest Temperature Sensor,HVAC,4931,6.01,7.24,"Z-Wave, Alexa",Air quality management
Sengled Outdoor Light,Lighting,2559,7.26,6.46,"Wi-Fi, Google Home, Alexa",Task lighting
Mitsubishi AC Controller,HVAC,7330,7.48,7.12,"Z-Wave, Alexa",Climate control
Yeelight Floor Lamp,Lighting,4337,8.51,8.02,"Wi-Fi, HomeKit",Circadian rhythm lighting
Reolink Alarm System,Security,10329,8.48,8.18,"Wi-Fi, HomeKit",Safety monitoring
Daikin Heat Pump Controller,HVAC,7082,7.11,7.25,"HomeKit, Google Home, Matter",Air quality management
Blink Window Sensor,Security,4325,7.93,6.41,"Thread, Matter",Door security
Kasa Under Cabinet Light,Lighting,3543,7.5,7.68,"HomeKit, Alexa",Circadian rhythm lighting
Fujitsu Ceiling Fan,HVAC,2022,5.81,5.62,"Thread, Matter",Allergen reduction
Leviton Energy Monitor,Energy Management,8734,10.0,9.67,"HomeKit, Google Home, Matter",Power management
Wyze Facial Recognition Camera,Security,10029,8.51,7.9,"Zigbee, Matter",Emergency detection
Sensibo Humidifier,HVAC,8272,7.91,8.11,"Wi-Fi, Bluetooth",Air quality management
Nest CO Detector,Security,9883,8.48,8.11,"HomeKit, Alexa",Asset protection
Logitech Facial Recognition Camera,Security,16911,10.0,10.0,"Z-Wave, Alexa",Asset protection
Rheem Heater,HVAC,3428,6.29,6.51,"Google Home, Alexa, Matter",Energy-efficient heating
Lutron Energy Monitor,Energy Management,2122,7.02,6.42,"HomeKit, Alexa",Consumption tracking
Wyze Alarm System,Security,17454,10.0,10.0,"Google Home, Alexa, Matter",Perimeter monitoring
Curb Smart Switch,Energy Management,3849,8.31,6.95,"Zigbee, Matter",Renewable integration
Tesla Power Strip,Energy Management,9227,10.0,9.78,"Zigbee, Matter",Renewable integration
Cree Mood Light,Lighting,2578,7.15,7.23,"HomeKit, Google Home, Matter",Energy-efficient lighting
Kwikset Alarm System,Security,11128,9.61,8.14,"Wi-Fi, Bluetooth",Door security
Ring Motion Sensor,Security,11030,8.71,8.62,"Z-Wave, Alexa",Asset protection
Rheem Temperature Sensor,HVAC,7188,7.15,7.22,"Wi-Fi, Google Home, Alexa",Climate control
LIFX Smart Bulb,Lighting,3120,7.34,8.05,"HomeKit, Alexa",Automated lighting
Emporia Battery System,Energy Management,5386,8.93,7.44,"Thread, Matter",Renewable integration
TP-Link LED Strip,Lighting,5974,9.38,9.51,"Wi-Fi, HomeKit",Task lighting
Cree Mood Light,Lighting,3383,8.15,7.66,"HomeKit, Google Home, Matter",Ambiance management
Wyze Motion Sensor,Security,8302,7.73,7.47,"Zigbee, Matter",Asset protection
Eufy Glass Break Detector,Security,2663,6.99,5.36,"Google Home, Alexa, Matter",Emergency detection
Tuya Wall Sconce,Lighting,5893,9.65,9.27,"HomeKit, Google Home, Matter",Energy-efficient lighting
Lennox Ceiling Fan,HVAC,10623,8.16,8.86,"Google Home, Alexa, Matter",Allergen reduction
Honeywell Smart Thermostat,HVAC,8256,7.35,7.96,"Zigbee, Z-Wave",Energy-efficient heating
Yale Smart Safe,Security,4151,7.27,6.29,"Thread, Matter",Door security
Cielo Heater,HVAC,7237,6.92,8.15,"Zigbee, Z-Wave",Allergen reduction
Bosch Heater,HVAC,3283,5.42,6.01,"HomeKit, Alexa",Energy-efficient heating
Ring Window Sensor,Security,2665,7.01,5.96,"Thread, Matter",Access control
Daikin Heat Pump Controller,HVAC,11266,8.86,8.79,"HomeKit, Google Home, Matter",Air quality management
Nest AC Controller,HVAC,13766,9.67,10.0,"Wi-Fi, Google Home, Alexa",Humidity control
Eufy Facial Recognition Camera,Security,5650,7.22,6.67,"Google Home, Alexa, Matter",Intrusion detection
Blink Garage Door Controller,Security,16618,10.0,10.0,"Z-Wave, Alexa",Door security
August CO Detector,Security,5191,7.53,6.83,"Wi-Fi, Google Home, Alexa",Safety monitoring
Kasa Load Controller,Energy Management,5131,8.8,7.56,"Zigbee, Matter",Consumption tracking
Sylvania Floor Lamp,Lighting,3459,7.55,7.69,"Z-Wave, Alexa",Lighting control
TP-Link Color Light,Lighting,5083,9.17,8.74,"HomeKit, Alexa",Energy-efficient lighting
Cree Garden Light,Lighting,5880,9.38,9.35,"HomeKit, Google Home, Matter",Lighting control
Sensibo Air Purifier,HVAC,11435,8.42,8.99,"Wi-Fi, Google Home, Alexa",Zoned climate control
Kwikset Smart Safe,Security,10961,8.53,7.93,"Zigbee, Z-Wave",Perimeter monitoring
Wyze Motion Sensor,Security,5253,7.73,6.31,"Wi-Fi, Bluetooth",Remote surveillance
Feit Electric Track Light,Lighting,1381,6.38,5.72,"Wi-Fi, Bluetooth",Automated lighting
Kasa EV Charger,Energy Management,2919,7.82,6.23,"HomeKit, Alexa",Renewable integration
Bosch Radiant Floor Controller,HVAC,3874,6.2,5.91,"HomeKit, Alexa",Temperature regulation
Yale Perimeter Sensor,Security,6000,7.41,6.65,"Thread, Matter",Perimeter monitoring
Sengled Pathway Light,Lighting,2222,6.98,6.75,"Zigbee, Z-Wave",Automated lighting
SimpliSafe Smart Safe,Security,8842,8.74,7.42,"Zigbee, Matter",Emergency detection
SimpliSafe Window Sensor,Security,5959,7.82,6.33,"Google Home, Alexa, Matter",Emergency detection
LIFX Smart Bulb,Lighting,3161,7.25,7.5,"Zigbee, Matter",Decorative lighting
Wyze Motion Sensor,Security,4352,7.21,6.08,"Wi-Fi, Google Home, Alexa",Remote surveillance
Arlo Glass Break Detector,Security,6479,7.28,6.72,"Wi-Fi, HomeKit",Remote surveillance
Daikin Heat Pump Controller,HVAC,3597,6.47,6.94,"Zigbee, Matter",Air quality management
Lennox Smart Thermostat,HVAC,2572,5.87,5.94,"Zigbee, Z-Wave",Temperature regulation
SolarEdge Power Strip,Energy Management,7000,9.7,8.9,"Wi-Fi, HomeKit",Consumption tracking
Sengled LED Strip,Lighting,2433,7.07,6.51,"Z-Wave, Alexa",Security lighting
Ecobee Air Quality Monitor,HVAC,7277,6.91,8.05,"HomeKit, Alexa",Ventilation management
Wemo Energy Monitor,Energy Management,7365,9.94,8.93,"HomeKit, Alexa",Power management
Leviton EV Charger,Energy Management,1297,6.99,5.89,"Google Home, Alexa, Matter",Renewable integration
Meross Outdoor Light,Lighting,4550,8.24,8.41,"HomeKit, Google Home, Matter",Energy-efficient lighting
Yeelight LED Strip,Lighting,5466,8.88,9.07,"HomeKit, Google Home, Matter",Task lighting
Yeelight Ceiling Light,Lighting,2654,6.39,6.92,"Zigbee, Matter",Ambiance management
Kasa Garden Light,Lighting,3124,7.37,7.0,"Zigbee, Matter",Task lighting
Bosch Temperature Sensor,HVAC,6579,6.52,7.36,"Zigbee, Z-Wave",Air quality management
Kangaroo Motion Sensor,Security,8356,7.75,7.51,"Google Home, Alexa, Matter",Door security
Abode Window Sensor,Security,2781,6.46,5.12,"HomeKit, Alexa",Door security
Honeywell Temperature Sensor,HVAC,3705,6.24,6.66,"Wi-Fi, Google Home, Alexa",Zoned climate control
Yale Perimeter Sensor,Security,4113,6.93,5.8,"Wi-Fi, Google Home, Alexa",Door security
Span EV Charger,Energy Management,3191,7.59,6.07,"Zigbee, Matter",Load balancing
LIFX Color Light,Lighting,3074,7.65,7.02,"HomeKit, Alexa",Energy-efficient lighting
Tado Air Purifier,HVAC,8744,7.54,8.14,"Wi-Fi, Google Home, Alexa",Humidity control
Sengled Outdoor Light,Lighting,5202,8.75,8.73,"HomeKit, Google Home, Matter",Decorative lighting
Leviton Energy Monitor,Energy Management,1207,7.37,5.3,"Thread, Matter",Peak shaving
Emporia Power Strip,Energy Management,3411,7.61,6.3,"Z-Wave, Alexa",Demand response
Rheem AC Controller,HVAC,8000,7.91,7.84,"Wi-Fi, HomeKit",Temperature regulation
Fujitsu Ventilation Controller,HVAC,8223,6.57,8.31,"Zigbee, Matter",Climate control
Wyze Recessed Light,Lighting,4325,8.12,8.52,"Z-Wave, Alexa",Ambiance management
Feit Electric Wall Sconce,Lighting,3724,7.86,7.89,"Google Home, Alexa, Matter",Decorative lighting
Cielo Humidifier,HVAC,6135,7.96,7.21,"HomeKit, Alexa",Temperature regulation
Kwikset CO Detector,Security,7110,7.41,7.1,"Zigbee, Z-Wave",Door security
Eve Grid Tie Inverter,Energy Management,3507,7.69,7.03,"Wi-Fi, HomeKit",Energy monitoring
TP-Link Battery System,Energy Management,7048,9.73,8.49,"Wi-Fi, HomeKit",Peak shaving
Reolink Security Camera,Security,7354,7.49,7.41,"Thread, Matter",Perimeter monitoring
Kangaroo Security Camera,Security,4673,7.03,6.49,"Google Home, Alexa, Matter",Emergency detection
SimpliSafe Smart Safe,Security,10938,9.02,7.97,"Zigbee, Matter",Safety monitoring
Span EV Charger,Energy Management,7474,10.0,8.78,"Wi-Fi, HomeKit",Peak shaving
Honeywell Air Purifier,HVAC,9833,8.32,8.53,"Z-Wave, Alexa",Energy-efficient heating
Ring Perimeter Sensor,Security,10069,8.12,8.12,"Wi-Fi, Google Home, Alexa",Intrusion detection
Wemo Smart Switch,Energy Management,4757,9.32,7.43,"HomeKit, Google Home, Matter",Energy optimization
Abode Window Sensor,Security,7514,8.01,7.32,"Wi-Fi, Google Home, Alexa",Emergency detection
Sensibo HVAC Zoning System,HVAC,5504,6.69,6.23,"Google Home, Alexa, Matter",Temperature regulation
Eufy Smoke Detector,Security,3154,6.71,6.02,"Z-Wave, Alexa",Remote surveillance
Abode Motion Sensor,Security,6079,7.84,6.81,"Google Home, Alexa, Matter",Perimeter monitoring
Schlage Motion Sensor,Security,2189,6.17,5.89,"Wi-Fi, Bluetooth",Safety monitoring
Fujitsu AC Controller,HVAC,13785,9.36,9.61,"Wi-Fi, HomeKit",Temperature regulation
TP-Link Consumption Monitor,Energy Management,6633,8.98,8.89,"Thread, Matter",Energy optimization
Ecobee Humidifier,HVAC,12755,9.66,10.0,"Wi-Fi, HomeKit",Humidity control
Abode Garage Door Controller,Security,5424,7.13,6.64,"Wi-Fi, Google Home, Alexa",Asset protection
Leviton Smart Meter,Energy Management,5584,9.12,7.51,"Zigbee, Matter",Load balancing
Bosch Humidifier,HVAC,3089,5.51,6.09,"HomeKit, Google Home, Matter",Climate control
Enphase Energy Display,Energy Management,6979,9.83,8.32,"HomeKit, Google Home, Matter",Renewable integration
Cree LED Strip,Lighting,1654,6.49,5.98,"Wi-Fi, Bluetooth",Circadian rhythm lighting
Kasa Solar Controller,Energy Management,2241,6.69,6.07,"HomeKit, Alexa",Load balancing
Bosch Smart Thermostat,HVAC,9358,8.66,8.29,"Zigbee, Matter",Zoned climate control
Cielo HVAC Zoning System,HVAC,9115,8.13,8.49,"HomeKit, Google Home, Matter",Energy-efficient heating
Nest Glass Break Detector,Security,6939,8.09,7.52,"Wi-Fi, HomeKit",Safety monitoring
Cielo HVAC Zoning System,HVAC,9362,7.69,8.49,"Google Home, Alexa, Matter",Zoned climate control
Tesla Energy Display,Energy Management,9214,10.0,9.94,"HomeKit, Google Home, Matter",Renewable integration
Eufy Perimeter Sensor,Security,6596,6.78,7.06,"Wi-Fi, Bluetooth",Emergency detection
ADT Window Sensor,Security,7661,7.91,7.58,"Wi-Fi, HomeKit",Asset protection
ADT Security Camera,Security,13846,9.59,9.26,"Wi-Fi, HomeKit",Remote surveillance
SimpliSafe Facial Recognition Camera,Security,5717,7.62,6.79,"Wi-Fi, Google Home, Alexa",Remote surveillance
Bosch HVAC Zoning System,HVAC,13523,9.16,10.0,"Google Home, Alexa, Matter",Energy-efficient heating
Sense Energy Monitor,Energy Management,6694,10.0,8.48,"HomeKit, Alexa",Load balancing
Sense Smart Meter,Energy Management,8355,10.0,8.98,"Wi-Fi, HomeKit",Peak shaving
Meross LED Strip,Lighting,3523,7.74,7.49,"Wi-Fi, Bluetooth",Security lighting
LIFX Under Cabinet Light,Lighting,3167,6.91,7.48,"Zigbee, Matter",Lighting control
Eufy Perimeter Sensor,Security,7773,7.33,7.42,"Zigbee, Matter",Intrusion detection
Dyson Temperature Sensor,HVAC,4883,6.89,7.67,"Zigbee, Matter",Ventilation management
TP-Link EV Charger,Energy Management,5208,9.29,7.59,"Z-Wave, Alexa",Energy monitoring
Mitsubishi Smart Thermostat,HVAC,4479,6.4,6.35,"HomeKit, Google Home, Matter",Humidity control
Sylvania Pathway Light,Lighting,5389,9.12,9.38,"Zigbee, Matter",Automated lighting
Arlo Motion Sensor,Security,3348,6.41,5.56,"Z-Wave, Alexa",Asset protection
Nest Doorbell Camera,Security,14961,10.0,10.0,"Google Home, Alexa, Matter",Access control
Mitsubishi Ventilation Controller,HVAC,12168,8.61,9.53,"Wi-Fi, HomeKit",Ventilation management
Span Battery System,Energy Management,8548,10.0,9.19,"Wi-Fi, Bluetooth",Peak shaving
Kasa Color Light,Lighting,5074,8.91,8.31,"HomeKit, Google Home, Matter",Lighting control
Emerson Air Purifier,HVAC,2771,5.67,5.09,"Z-Wave, Alexa",Temperature regulation
LIFX Pendant Light,Lighting,3701,7.59,7.45,"Wi-Fi, Google Home, Alexa",Decorative lighting
Nest Flood Sensor,Security,5415,7.33,7.44,"Wi-Fi, Bluetooth",Door security
Wyze Pathway Light,Lighting,1910,7.11,6.29,"Zigbee, Matter",Decorative lighting
Meross Wall Sconce,Lighting,4593,8.38,7.76,"HomeKit, Google Home, Matter",Energy-efficient lighting
Lennox Smart Thermostat,HVAC,10921,8.54,9.16,"Zigbee, Matter",Ventilation management
Dyson AC Controller,HVAC,13441,8.94,9.8,"HomeKit, Google Home, Matter",Ventilation management
Lennox Temperature Sensor,HVAC,6562,7.28,6.95,"Wi-Fi, HomeKit",Climate control
Schlage CO Detector,Security,8892,9.28,7.33,"Wi-Fi, Google Home, Alexa",Access control
Juicebox Battery System,Energy Management,6596,9.3,8.04,"HomeKit, Alexa",Renewable integration
Cielo Ceiling Fan,HVAC,2340,5.04,5.54,"Google Home, Alexa, Matter",Zoned climate control
Wyze LED Strip,Lighting,3229,7.97,7.19,"HomeKit, Alexa",Task lighting
Sengled Track Light,Lighting,5712,8.95,9.36,"Wi-Fi, Google Home, Alexa",Ambiance management
Lennox Air Quality Monitor,HVAC,4866,6.58,6.94,"Zigbee, Matter",Energy-efficient heating
LIFX Ceiling Light,Lighting,5292,8.91,8.99,"HomeKit, Alexa",Circadian rhythm lighting
Sensibo Dehumidifier,HVAC,7002,7.09,7.3,"Wi-Fi, Google Home, Alexa",Climate control
Sense Smart Plug,Energy Management,5296,9.43,7.39,"Zigbee, Z-Wave",Consumption tracking
Leviton Energy Gateway,Energy Management,5879,9.21,8.05,"Zigbee, Z-Wave",Power management
Kwikset Doorbell Camera,Security,15281,9.6,9.9,"Wi-Fi, Google Home, Alexa",Asset protection
Reolink Glass Break Detector,Security,8745,8.31,7.31,"Wi-Fi, Bluetooth",Asset protection
Dyson Temperature Sensor,HVAC,7302,7.79,8.3,"Wi-Fi, Google Home, Alexa",Temperature regulation
Meross Color Light,Lighting,1219,5.93,5.73,"HomeKit, Alexa",Task lighting
Ring Alarm System,Security,17232,10.0,10.0,"Google Home, Alexa, Matter",Intrusion detection
Wemo Smart Meter,Energy Management,1531,7.06,5.47,"Google Home, Alexa, Matter",Power management
Yale Garage Door Controller,Security,15948,10.0,9.48,"Google Home, Alexa, Matter",Emergency detection
Sensibo Humidifier,HVAC,2201,6.04,5.06,"Wi-Fi, Bluetooth",Ventilation management
Kwikset Alarm System,Security,17327,10.0,10.0,"Wi-Fi, HomeKit",Intrusion detection
Nest Humidifier,HVAC,11726,8.78,9.8,"HomeKit, Google Home, Matter",Temperature regulation
Span Energy Display,Energy Management,3701,8.15,6.56,"HomeKit, Google Home, Matter",Consumption tracking
Logitech Window Sensor,Security,8439,8.39,7.68,"HomeKit, Google Home, Matter",Access control
Kwikset Smart Safe,Security,4966,6.86,6.26,"Wi-Fi, Google Home, Alexa",Asset protection
Tuya Desk Lamp,Lighting,2798,6.56,7.26,"Wi-Fi, Google Home, Alexa",Ambiance management
Reolink Doorbell Camera,Security,11196,9.35,8.18,"HomeKit, Alexa",Door security
Ring Flood Sensor,Security,10775,8.34,8.92,"Thread, Matter",Perimeter monitoring
Emerson Ventilation Controller,HVAC,7020,7.36,7.82,"Thread, Matter",Allergen reduction
Yale Smart Lock,Security,14127,9.97,9.37,"HomeKit, Alexa",Remote surveillance
Cielo Humidifier,HVAC,5243,6.58,7.04,"Wi-Fi, HomeKit",Zoned climate control
Sylvania Garden Light,Lighting,1159,6.13,5.75,"Zigbee, Z-Wave",Lighting control
Kasa Power Optimizer,Energy Management,6699,9.07,8.76,"Z-Wave, Alexa",Peak shaving
Meross Ceiling Light,Lighting,3780,7.84,7.83,"Wi-Fi, Google Home, Alexa",Energy-efficient lighting
Sensibo Dehumidifier,HVAC,6928,6.84,7.34,"Wi-Fi, Bluetooth",Energy-efficient heating
Kasa Color Light,Lighting,4073,8.73,8.44,"Zigbee, Matter",Automated lighting
Mitsubishi Radiant Floor Controller,HVAC,8546,8.3,7.97,"Wi-Fi, HomeKit",Climate control
Wyze Under Cabinet Light,Lighting,5712,9.8,9.31,"Google Home, Alexa, Matter",Task lighting
Dyson Ventilation Controller,HVAC,13931,9.67,10.0,"Z-Wave, Alexa",Allergen reduction
Cielo Dehumidifier,HVAC,7744,7.49,7.45,"Wi-Fi, Bluetooth",Air quality management
Nanoleaf Mood Light,Lighting,2199,6.95,6.7,"Zigbee, Z-Wave",Ambiance management
Bosch Heater,HVAC,6652,6.95,7.33,"Thread, Matter",Ventilation management
Eve Power Optimizer,Energy Management,7333,9.69,8.87,"HomeKit, Alexa",Renewable integration
Kangaroo Security Camera,Security,15576,9.44,9.58,"HomeKit, Google Home, Matter",Intrusion detection
Lennox Radiant Floor Controller,HVAC,9628,8.0,8.87,"Z-Wave, Alexa",Zoned climate control
Schneider Consumption Monitor,Energy Management,1323,7.33,5.46,"Google Home, Alexa, Matter",Load balancing
LG HVAC Zoning System,HVAC,3785,5.51,5.77,"Thread, Matter",Air quality management
Mitsubishi Air Purifier,HVAC,9151,9.06,7.82,"Wi-Fi, Bluetooth",Climate control
Fujitsu Humidifier,HVAC,10556,8.75,9.07,"Wi-Fi, HomeKit",Energy-efficient heating
Arlo Smart Lock,Security,3446,7.19,5.66,"Zigbee, Z-Wave",Door security
TP-Link Smart Bulb,Lighting,3980,7.64,7.69,"Wi-Fi, HomeKit",Circadian rhythm lighting
Govee Wall Sconce,Lighting,1099,6.27,6.11,"Wi-Fi, Google Home, Alexa",Energy-efficient lighting
Emerson AC Controller,HVAC,6456,6.63,7.35,"Zigbee, Z-Wave",Temperature regulation
Yale CO Detector,Security,8626,8.35,7.35,"Google Home, Alexa, Matter",Asset protection
Lennox Heat Pump Controller,HVAC,9652,8.62,9.15,"Wi-Fi, Google Home, Alexa",Temperature regulation
Logitech Perimeter Sensor,Security,8905,8.98,7.46,"HomeKit, Google Home, Matter",Door security
Kangaroo CO Detector,Security,4567,7.07,5.99,"Thread, Matter",Safety monitoring
LG HVAC Zoning System,HVAC,13403,10.0,10.0,"Wi-Fi, Bluetooth",Humidity control
Curb Solar Controller,Energy Management,3508,7.82,6.67,"Thread, Matter",Consumption tracking
Wyze Ceiling Light,Lighting,4629,8.43,8.53,"HomeKit, Google Home, Matter",Decorative lighting
August Security Camera,Security,15718,10.0,10.0,"HomeKit, Google Home, Matter",Intrusion detection
August Garage Door Controller,Security,19284,10.0,10.0,"HomeKit, Alexa",Door security
Yeelight Color Light,Lighting,5759,8.57,9.29,"Wi-Fi, Bluetooth",Task lighting
Mitsubishi Temperature Sensor,HVAC,6947,6.87,7.28,"Thread, Matter",Humidity control
Tado Heat Pump Controller,HVAC,5454,6.81,6.16,"Z-Wave, Alexa",Ventilation management
Yale Alarm System,Security,6558,8.18,6.55,"Wi-Fi, Bluetooth",Safety monitoring
Schlage Security Camera,Security,9818,8.53,7.93,"Thread, Matter",Remote surveillance
TP-Link Consumption Monitor,Energy Management,3170,8.49,7.02,"Wi-Fi, Bluetooth",Power management
Yale Smart Safe,Security,11594,9.51,8.35,"Zigbee, Matter",Door security
Arlo Perimeter Sensor,Security,5935,7.15,6.28,"Google Home, Alexa, Matter",Asset protection
LG Smart Thermostat,HVAC,7442,7.64,6.79,"Zigbee, Matter",Allergen reduction
Schlage Smart Safe,Security,10161,8.93,7.69,"Z-Wave, Alexa",Emergency detection
TP-Link Energy Monitor,Energy Management,2337,8.29,6.01,"Google Home, Alexa, Matter",Power management
Fujitsu Ceiling Fan,HVAC,6778,7.2,7.74,"Google Home, Alexa, Matter",Climate control
Juicebox Grid Tie Inverter,Energy Management,3567,7.67,6.3,"Wi-Fi, HomeKit",Power management
Cree Desk Lamp,Lighting,4552,8.17,8.18,"HomeKit, Google Home, Matter",Lighting control
Govee Garden Light,Lighting,4952,8.75,8.59,"Google Home, Alexa, Matter",Ambiance management
Wyze Security Camera,Security,13514,9.33,9.15,"Google Home, Alexa, Matter",Asset protection
Ring Alarm System,Security,16925,10.0,10.0,"Google Home, Alexa, Matter",Asset protection
Honeywell Humidifier,HVAC,5175,7.23,6.56,"Wi-Fi, HomeKit",Temperature regulation
Wyze Color Light,Lighting,1213,7.12,6.05,"Wi-Fi, HomeKit",Circadian rhythm lighting
ADT Doorbell Camera,Security,15986,10.0,10.0,"HomeKit, Alexa",Remote surveillance
Span Smart Plug,Energy Management,6847,9.25,8.5,"Google Home, Alexa, Matter",Consumption tracking
Yeelight Outdoor Light,Lighting,5057,9.13,9.06,"HomeKit, Google Home, Matter",Energy-efficient lighting
Enphase Power Optimizer,Energy Management,8555,10.0,9.05,"Google Home, Alexa, Matter",Energy monitoring
Nest Temperature Sensor,HVAC,4564,6.57,6.92,"Zigbee, Z-Wave",Temperature regulation
Lennox Temperature Sensor,HVAC,4551,6.08,6.38,"Wi-Fi, HomeKit",Humidity control
Schneider Battery System,Energy Management,7486,9.71,8.91,"Wi-Fi, Google Home, Alexa",Demand response
Tesla Energy Monitor,Energy Management,3189,7.96,7.38,"Wi-Fi, Google Home, Alexa",Consumption tracking
LIFX Ceiling Light,Lighting,1236,6.89,5.69,"Wi-Fi, Bluetooth",Task lighting
Sengled Under Cabinet Light,Lighting,3184,7.88,7.46,"HomeKit, Google Home, Matter",Circadian rhythm lighting
Mitsubishi Air Quality Monitor,HVAC,9241,8.75,8.77,"HomeKit, Google Home, Matter",Zoned climate control
Lennox Temperature Sensor,HVAC,3187,6.09,6.64,"Thread, Matter",Climate control
Logitech Smoke Detector,Security,8555,7.89,7.13,"Wi-Fi, Bluetooth",Access control
Feit Electric Recessed Light,Lighting,5941,9.06,9.5,"Wi-Fi, Google Home, Alexa",Security lighting
Sylvania Pendant Light,Lighting,1835,5.96,6.29,"Wi-Fi, HomeKit",Automated lighting
LG AC Controller,HVAC,7945,7.8,8.12,"Wi-Fi, Bluetooth",Air quality management
Kangaroo Smoke Detector,Security,7835,7.65,7.14,"Zigbee, Z-Wave",Remote surveillance
Arlo Flood Sensor,Security,3264,6.46,5.75,"Wi-Fi, Bluetooth",Intrusion detection
Nanoleaf Wall Sconce,Lighting,3967,8.49,8.0,"Google Home, Alexa, Matter",Automated lighting
Emporia Power Strip,Energy Management,6407,9.67,7.91,"Wi-Fi, Google Home, Alexa",Energy monitoring
Bosch Humidifier,HVAC,7276,7.42,7.29,"Thread, Matter",Humidity control
Cielo Ventilation Controller,HVAC,8793,8.29,8.02,"Zigbee, Z-Wave",Air quality management
ADT Perimeter Sensor,Security,2818,6.93,5.56,"Zigbee, Matter",Intrusion detection
LG Dehumidifier,HVAC,8091,7.33,8.04,"Wi-Fi, Bluetooth",Temperature regulation
Tesla Power Optimizer,Energy Management,1986,6.38,6.36,"HomeKit, Alexa",Consumption tracking
Sense Consumption Monitor,Energy Management,3210,8.09,6.8,"Thread, Matter",Energy optimization
Meross Garden Light,Lighting,4918,8.99,8.56,"HomeKit, Google Home, Matter",Automated lighting
Schlage Smart Lock,Security,11620,8.79,8.3,"HomeKit, Alexa",Emergency detection
Wemo Smart Plug,Energy Management,4723,8.16,7.62,"HomeKit, Alexa",Peak shaving
Leviton Consumption Monitor,Energy Management,5828,9.97,7.75,"Z-Wave, Alexa",Renewable integration
Bosch Dehumidifier,HVAC,3316,5.9,5.89,"Z-Wave, Alexa",Zoned climate control
Leviton Power Strip,Energy Management,6623,9.83,8.19,"Thread, Matter",Demand response
Blink Glass Break Detector,Security,3378,6.17,5.72,"Zigbee, Matter",Emergency detection
Ring CO Detector,Security,9614,8.38,8.37,"Google Home, Alexa, Matter",Intrusion detection
Emerson AC Controller,HVAC,13980,9.82,10.0,"HomeKit, Google Home, Matter",Air quality management
Arlo Garage Door Controller,Security,16686,10.0,10.0,"Google Home, Alexa, Matter",Safety monitoring
Reolink Doorbell Camera,Security,16989,10.0,10.0,"Google Home, Alexa, Matter",Remote surveillance
Fujitsu HVAC Zoning System,HVAC,13070,8.75,10.0,"HomeKit, Google Home, Matter",Temperature regulation
GE Recessed Light,Lighting,2551,7.23,6.74,"Wi-Fi, Bluetooth",Energy-efficient lighting
Nanoleaf Recessed Light,Lighting,5717,9.39,9.24,"HomeKit, Google Home, Matter",Lighting control
ChargePoint Load Controller,Energy Management,2034,7.16,5.88,"Wi-Fi, Google Home, Alexa",Energy monitoring
Honeywell AC Controller,HVAC,7213,7.42,8.03,"Zigbee, Matter",Humidity control
Span Energy Display,Energy Management,3300,7.51,6.81,"Google Home, Alexa, Matter",Consumption tracking
Eufy Motion Sensor,Security,5173,7.16,6.06,"HomeKit, Alexa",Access control
Honeywell Air Quality Monitor,HVAC,10088,7.99,9.09,"HomeKit, Alexa",Humidity control
TP-Link Smart Bulb,Lighting,4651,8.56,8.47,"Wi-Fi, HomeKit",Decorative lighting
Cielo Air Purifier,HVAC,10931,8.58,8.93,"Wi-Fi, HomeKit",Temperature regulation
Sensibo Heat Pump Controller,HVAC,6923,6.54,7.37,"Zigbee, Matter",Climate control
Philips Hue Recessed Light,Lighting,3989,8.32,8.46,"Zigbee, Z-Wave",Decorative lighting
Wiz Track Light,Lighting,4666,8.3,8.51,"Wi-Fi, Google Home, Alexa",Automated lighting
Kwikset Perimeter Sensor,Security,4222,6.89,6.11,"Z-Wave, Alexa",Emergency detection
Sensibo Heat Pump Controller,HVAC,7063,6.79,7.14,"HomeKit, Alexa",Ventilation management
SimpliSafe Window Sensor,Security,8198,7.23,7.4,"Z-Wave, Alexa",Access control
Emerson AC Controller,HVAC,6709,7.86,7.93,"Wi-Fi, HomeKit",Temperature regulation
Sensibo Humidifier,HVAC,8516,7.85,8.12,"Zigbee, Z-Wave",Temperature regulation
Logitech Perimeter Sensor,Security,8766,8.46,8.09,"Zigbee, Z-Wave",Asset protection
Govee Under Cabinet Light,Lighting,5120,8.29,9.06,"Wi-Fi, HomeKit",Circadian rhythm lighting
Abode Alarm System,Security,15058,9.38,9.27,"Wi-Fi, Bluetooth",Asset protection
Reolink Perimeter Sensor,Security,2194,6.54,5.45,"Zigbee, Z-Wave",Intrusion detection
Lennox AC Controller,HVAC,8345,8.39,8.01,"Wi-Fi, HomeKit",Zoned climate control
Arlo Motion Sensor,Security,8614,8.55,7.99,"Zigbee, Matter",Safety monitoring
Sensibo Air Purifier,HVAC,7223,7.34,7.66,"Z-Wave, Alexa",Humidity control
Nest Heat Pump Controller,HVAC,11404,8.52,9.95,"Zigbee, Z-Wave",Air quality management
Sense Energy Display,Energy Management,6409,9.19,8.08,"Thread, Matter",Energy optimization
Abode Doorbell Camera,Security,3775,6.67,6.17,"Zigbee, Z-Wave",Safety monitoring
Bosch Radiant Floor Controller,HVAC,9410,8.1,8.58,"Zigbee, Z-Wave",Ventilation management
Nest Radiant Floor Controller,HVAC,9949,8.46,8.87,"Google Home, Alexa, Matter",Air quality management
ADT Smart Safe,Security,3572,6.74,5.97,"HomeKit, Google Home, Matter",Safety monitoring
Daikin Ventilation Controller,HVAC,10605,8.91,8.92,"Zigbee, Matter",Air quality management
Ring Smart Safe,Security,8135,7.64,7.76,"Google Home, Alexa, Matter",Intrusion detection
Kwikset Smart Safe,Security,13685,10.0,8.84,"Google Home, Alexa, Matter",Asset protection
Honeywell Radiant Floor Controller,HVAC,5783,7.63,7.02,"Z-Wave, Alexa",Climate control
LG Ventilation Controller,HVAC,13692,9.85,10.0,"Wi-Fi, Google Home, Alexa",Zoned climate control
Schlage CO Detector,Security,8589,9.08,6.88,"Thread, Matter",Remote surveillance
Tado AC Controller,HVAC,4932,7.44,6.21,"Z-Wave, Alexa",Ventilation management
Lennox Ventilation Controller,HVAC,8637,7.25,8.07,"Thread, Matter",Zoned climate control
Leviton Solar Controller,Energy Management,10611,10.0,10.0,"Wi-Fi, Google Home, Alexa",Energy optimization
Daikin Heat Pump Controller,HVAC,12797,9.39,9.57,"Wi-Fi, Google Home, Alexa",Zoned climate control
Ring Smoke Detector,Security,3678,6.85,6.48,"HomeKit, Google Home, Matter",Remote surveillance
Daikin Ceiling Fan,HVAC,7258,7.67,7.58,"Zigbee, Matter",Zoned climate control
Ring Flood Sensor,Security,9314,8.48,7.98,"HomeKit, Google Home, Matter",Access control
Honeywell Heater,HVAC,11475,9.03,9.52,"Google Home, Alexa, Matter",Air quality management
Abode CO Detector,Security,8268,8.29,7.35,"Thread, Matter",Intrusion detection
Cielo Ceiling Fan,HVAC,7366,7.8,7.55,"Google Home, Alexa, Matter",Humidity control
Schlage Security Camera,Security,14467,9.47,9.58,"HomeKit, Google Home, Matter",Safety monitoring
Blink CO Detector,Security,8976,8.91,7.51,"Wi-Fi, HomeKit",Intrusion detection
Meross LED Strip,Lighting,4467,9.06,8.43,"Wi-Fi, Bluetooth",Lighting control
Cielo Smart Thermostat,HVAC,10277,8.85,8.92,"Zigbee, Z-Wave",Zoned climate control
Abode CO Detector,Security,5619,7.62,6.44,"HomeKit, Alexa",Remote surveillance
Carrier Ventilation Controller,HVAC,7009,7.06,7.64,"Google Home, Alexa, Matter",Ventilation management
Fujitsu Smart Thermostat,HVAC,5638,6.59,7.03,"Thread, Matter",Allergen reduction
Kasa Pendant Light,Lighting,3460,7.57,7.11,"Zigbee, Matter",Energy-efficient lighting
Tuya Track Light,Lighting,4747,8.34,8.64,"Zigbee, Matter",Security lighting
Kasa Floor Lamp,Lighting,2261,7.28,6.57,"Zigbee, Z-Wave",Ambiance management
Tado AC Controller,HVAC,5176,6.07,6.29,"Google Home, Alexa, Matter",Energy-efficient heating
Logitech CO Detector,Security,2628,5.85,5.41,"HomeKit, Alexa",Emergency detection
Blink Glass Break Detector,Security,6369,6.85,7.22,"Wi-Fi, Google Home, Alexa",Emergency detection
August Motion Sensor,Security,6324,7.29,7.04,"Wi-Fi, HomeKit",Safety monitoring
Juicebox Load Controller,Energy Management,5499,8.61,7.93,"HomeKit, Alexa",Demand response
Sense Grid Tie Inverter,Energy Management,2416,7.63,6.07,"Wi-Fi, Google Home, Alexa",Energy optimization
Nanoleaf Desk Lamp,Lighting,2572,7.05,6.42,"Wi-Fi, HomeKit",Security lighting
Nest Flood Sensor,Security,7554,7.14,8.12,"HomeKit, Alexa",Asset protection
Reolink Security Camera,Security,14577,9.56,9.65,"Google Home, Alexa, Matter",Perimeter monitoring
Blink Alarm System,Security,4449,7.4,6.08,"Zigbee, Z-Wave",Access control
Schlage Alarm System,Security,10047,8.54,8.19,"Thread, Matter",Intrusion detection
Reolink Alarm System,Security,5929,6.89,6.66,"Wi-Fi, Google Home, Alexa",Remote surveillance
Kangaroo Security Camera,Security,15917,10.0,9.49,"Wi-Fi, HomeKit",Intrusion detection
Fujitsu Heater,HVAC,2614,5.75,5.65,"Wi-Fi, Google Home, Alexa",Ventilation management
Cree Ceiling Light,Lighting,5370,8.03,9.08,"HomeKit, Alexa",Automated lighting
Carrier Radiant Floor Controller,HVAC,6607,7.54,7.2,"Google Home, Alexa, Matter",Ventilation management
Blink Facial Recognition Camera,Security,4039,6.97,6.31,"Zigbee, Matter",Remote surveillance
Nanoleaf Smart Bulb,Lighting,1078,6.12,5.91,"Wi-Fi, Bluetooth",Automated lighting
Emporia Grid Tie Inverter,Energy Management,5476,9.19,6.93,"HomeKit, Alexa",Load balancing
Meross LED Strip,Lighting,2180,6.58,6.76,"HomeKit, Google Home, Matter",Lighting control
SimpliSafe Perimeter Sensor,Security,7734,7.53,6.85,"Google Home, Alexa, Matter",Perimeter monitoring
Kasa Under Cabinet Light,Lighting,1183,6.74,6.04,"Google Home, Alexa, Matter",Circadian rhythm lighting
Dyson Air Quality Monitor,HVAC,9676,7.5,8.87,"HomeKit, Google Home, Matter",Air quality management
Cree Pendant Light,Lighting,3549,7.62,7.83,"Zigbee, Matter",Task lighting
Curb Solar Controller,Energy Management,2005,7.22,5.67,"Thread, Matter",Consumption tracking
Rheem Air Purifier,HVAC,9214,7.79,8.81,"Google Home, Alexa, Matter",Ventilation management
LG AC Controller,HVAC,5708,6.66,6.67,"Z-Wave, Alexa",Allergen reduction
Kasa Smart Meter,Energy Management,5286,9.55,7.71,"Zigbee, Matter",Peak shaving
Philips Hue Smart Bulb,Lighting,6238,9.71,9.66,"Google Home, Alexa, Matter",Energy-efficient lighting
Meross Color Light,Lighting,1776,6.92,5.8,"Google Home, Alexa, Matter",Task lighting
Lennox Heat Pump Controller,HVAC,9579,7.78,8.63,"Wi-Fi, Bluetooth",Humidity control
Fujitsu Ceiling Fan,HVAC,4800,7.28,7.55,"Zigbee, Z-Wave",Ventilation management
Kasa Pathway Light,Lighting,4675,8.59,8.62,"HomeKit, Google Home, Matter",Decorative lighting
Sylvania Under Cabinet Light,Lighting,4999,8.72,8.8,"HomeKit, Google Home, Matter",Circadian rhythm lighting
Carrier Heat Pump Controller,HVAC,3166,5.74,6.25,"HomeKit, Alexa",Ventilation management
Yeelight Ceiling Light,Lighting,4289,8.13,8.35,"Wi-Fi, Bluetooth",Ambiance management
Cielo AC Controller,HVAC,8260,7.95,7.67,"Zigbee, Z-Wave",Humidity control
Philips Hue Track Light,Lighting,4002,8.33,8.7,"Google Home, Alexa, Matter",Energy-efficient lighting
Philips Hue Desk Lamp,Lighting,2123,6.61,7.58,"HomeKit, Google Home, Matter",Automated lighting
ADT Glass Break Detector,Security,6287,6.6,6.69,"Thread, Matter",Remote surveillance
Nest Perimeter Sensor,Security,6533,6.66,7.33,"Wi-Fi, HomeKit",Emergency detection
Kasa Wall Sconce,Lighting,1168,6.22,5.92,"Z-Wave, Alexa",Ambiance management
Govee Color Light,Lighting,4186,9.03,8.11,"Wi-Fi, Google Home, Alexa",Decorative lighting
Sylvania Garden Light,Lighting,1792,7.4,6.28,"Wi-Fi, HomeKit",Decorative lighting
Nest Garage Door Controller,Security,4934,7.35,6.69,"Wi-Fi, HomeKit",Safety monitoring
Cielo Ceiling Fan,HVAC,9256,7.85,8.14,"Zigbee, Matter",Ventilation management
Eufy Alarm System,Security,15164,10.0,9.38,"Z-Wave, Alexa",Door security
Carrier Temperature Sensor,HVAC,6008,6.64,7.33,"Wi-Fi, Bluetooth",Allergen reduction
LIFX Color Light,Lighting,1174,6.74,5.87,"Thread, Matter",Automated lighting
Logitech Glass Break Detector,Security,6690,7.14,7.05,"HomeKit, Alexa",Door security
Kwikset Doorbell Camera,Security,11041,8.4,8.1,"HomeKit, Google Home, Matter",Safety monitoring
Meross Garden Light,Lighting,939,5.48,5.94,"Zigbee, Z-Wave",Energy-efficient lighting
Meross Ceiling Light,Lighting,3416,7.87,7.8,"Wi-Fi, Bluetooth",Ambiance management
Nest Perimeter Sensor,Security,3380,6.46,6.56,"HomeKit, Alexa",Door security
Dyson Temperature Sensor,HVAC,6364,7.52,7.4,"Thread, Matter",Allergen reduction
LG Heat Pump Controller,HVAC,11058,8.61,8.96,"Z-Wave, Alexa",Allergen reduction
Feit Electric Outdoor Light,Lighting,1251,6.08,5.95,"Google Home, Alexa, Matter",Energy-efficient lighting
Tuya Pathway Light,Lighting,4274,8.53,8.57,"Z-Wave, Alexa",Circadian rhythm lighting
Eufy CO Detector,Security,8547,7.81,7.15,"Zigbee, Z-Wave",Emergency detection
Eufy Facial Recognition Camera,Security,6511,7.79,6.77,"Z-Wave, Alexa",Perimeter monitoring
Abode Facial Recognition Camera,Security,14311,10.0,9.1,"Google Home, Alexa, Matter",Emergency detection
Bosch Ventilation Controller,HVAC,6802,6.86,7.43,"Wi-Fi, Google Home, Alexa",Air quality management
Daikin Heater,HVAC,8241,6.99,7.96,"Wi-Fi, HomeKit",Zoned climate control
Bosch Ventilation Controller,HVAC,8755,8.61,8.35,"Z-Wave, Alexa",Humidity control
August Flood Sensor,Security,2507,6.21,6.06,"Wi-Fi, Bluetooth",Access control
Sengled Track Light,Lighting,5564,9.91,8.98,"Wi-Fi, HomeKit",Lighting control
LIFX Mood Light,Lighting,5298,9.63,9.33,"HomeKit, Google Home, Matter",Automated lighting
Kasa Smart Bulb,Lighting,3649,7.56,8.13,"Z-Wave, Alexa",Task lighting
Nest AC Controller,HVAC,4926,7.0,7.47,"Wi-Fi, HomeKit",Zoned climate control
TP-Link Color Light,Lighting,5455,9.44,9.84,"Wi-Fi, Google Home, Alexa",Task lighting
Wemo Smart Meter,Energy Management,6378,9.73,8.24,"Z-Wave, Alexa",Peak shaving
Enphase EV Charger,Energy Management,2288,7.43,5.76,"Wi-Fi, Google Home, Alexa",Energy monitoring
SimpliSafe Smart Lock,Security,7257,8.07,7.41,"HomeKit, Google Home, Matter",Access control
Arlo Flood Sensor,Security,4461,6.7,6.64,"Wi-Fi, HomeKit",Perimeter monitoring
Emerson Ceiling Fan,HVAC,6396,6.43,7.41,"Z-Wave, Alexa",Humidity control
Juicebox Load Controller,Energy Management,9131,10.0,10.0,"Wi-Fi, Bluetooth",Power management
Rheem HVAC Zoning System,HVAC,10071,7.98,8.69,"Wi-Fi, HomeKit",Ventilation management
Kasa Ceiling Light,Lighting,2164,6.87,6.8,"Wi-Fi, Bluetooth",Security lighting
Rheem Humidifier,HVAC,5676,5.66,7.15,"Thread, Matter",Zoned climate control
LG Heater,HVAC,4962,7.24,7.1,"Wi-Fi, HomeKit",Ventilation management
Logitech Garage Door Controller,Security,6174,8.02,6.99,"Z-Wave, Alexa",Safety monitoring
Abode Perimeter Sensor,Security,7612,8.08,7.31,"Thread, Matter",Emergency detection
Ring Glass Break Detector,Security,9291,8.37,8.1,"Z-Wave, Alexa",Door security
Ecobee AC Controller,HVAC,11004,8.28,9.35,"HomeKit, Google Home, Matter",Energy-efficient heating
Abode Perimeter Sensor,Security,8439,7.77,6.84,"HomeKit, Google Home, Matter",Intrusion detection
August Motion Sensor,Security,6924,8.38,7.71,"Z-Wave, Alexa",Access control
ADT Perimeter Sensor,Security,6433,7.01,6.42,"Z-Wave, Alexa",Perimeter monitoring
Honeywell Ceiling Fan,HVAC,3361,6.18,6.19,"Wi-Fi, HomeKit",Zoned climate control
Wyze Mood Light,Lighting,3166,7.03,7.38,"HomeKit, Google Home, Matter",Circadian rhythm lighting
Emporia EV Charger,Energy Management,3193,7.22,6.55,"Thread, Matter",Energy monitoring
Wyze Facial Recognition Camera,Security,4352,6.71,6.1,"Thread, Matter",Asset protection
Sylvania Garden Light,Lighting,1289,5.78,5.77,"Wi-Fi, Bluetooth",Lighting control
Lennox Smart Thermostat,HVAC,9786,7.54,8.7,"HomeKit, Alexa",Temperature regulation
Daikin Heater,HVAC,4912,6.64,6.88,"HomeKit, Google Home, Matter",Air quality management
Rheem Dehumidifier,HVAC,5258,7.5,6.58,"Google Home, Alexa, Matter",Climate control
August Glass Break Detector,Security,7537,8.33,7.74,"Zigbee, Matter",Intrusion detection
Bosch Ventilation Controller,HVAC,3679,6.88,5.94,"HomeKit, Google Home, Matter",Energy-efficient heating
Dyson Heat Pump Controller,HVAC,10368,8.27,9.77,"HomeKit, Google Home, Matter",Air quality management
Schlage CO Detector,Security,2062,6.19,5.0,"Google Home, Alexa, Matter",Safety monitoring
Logitech Glass Break Detector,Security,7324,7.86,6.47,"HomeKit, Alexa",Perimeter monitoring
Blink Alarm System,Security,7394,7.68,7.06,"Zigbee, Z-Wave",Safety monitoring
Lennox Smart Thermostat,HVAC,5278,7.04,6.51,"Thread, Matter",Air quality management
Rheem Heat Pump Controller,HVAC,14173,9.26,10.0,"Google Home, Alexa, Matter",Air quality management
Schneider Smart Switch,Energy Management,8405,10.0,8.89,"HomeKit, Google Home, Matter",Peak shaving
Sensibo Temperature Sensor,HVAC,3632,6.29,5.84,"Google Home, Alexa, Matter",Temperature regulation
Lennox Air Purifier,HVAC,4668,6.35,6.95,"Zigbee, Z-Wave",Temperature regulation
Curb Solar Controller,Energy Management,6859,9.14,8.07,"HomeKit, Google Home, Matter",Energy optimization
Schlage Flood Sensor,Security,5515,8.09,5.87,"Z-Wave, Alexa",Safety monitoring
Cielo Ventilation Controller,HVAC,11468,8.71,9.33,"Zigbee, Matter",Air quality management
Nest Dehumidifier,HVAC,6721,6.89,8.19,"Google Home, Alexa, Matter",Energy-efficient heating
Carrier Humidifier,HVAC,4591,6.63,6.72,"Zigbee, Matter",Temperature regulation
